codigo_producto,categoria
P1632,Huevos
P3937,Arroz
P1451,Cereales
P1814,Frutas y verduras
P630,Arroz
P488,Condimentos
P1462,Cereales
P626,Arroz
P1449,Harinas
P1460,Cereales
01582,Bebidas
P618,Arroz
P641,Arroz
P608,Arroz
P275,Aseo hogar
P1631,Bebidas
P613,Arroz
P4207,Confitería
P1835,Frutas y verduras
P1834,Frutas y verduras
P2456,Azúcares y endulzantes
P2258,Licores
P1820,Frutas y verduras
P479,Azúcares y endulzantes
P1235,Panadería
P1461,Cereales
00155,Licores
P1805,Frutas y verduras
00875,Bebidas
P1414,Harinas
P912,Avícola
P1821,Frutas y verduras
P648,Chocolate
P658,Chocolate
P478,Azúcares y endulzantes
P653,Chocolate
P1840,Frutas y verduras
P1772,Confitería
P1625,Bebidas
P1855,Frutas y verduras
P530,Granos
01993,Licores
P1059,Aseo hogar
P1738,Condimentos
P508,Aceites y sustitutos
02312,Granos
P905,Lácteos
P1426,Harinas
P1791,Condimentos
P833,Confitería
P482,Azúcares y endulzantes
01759,Bebidas instantáneas
01120,Frutas y verduras
P175,Cuidado personal
P4003,Repostería
01448,Otros
P700,Chocolate
P1836,Frutas y verduras
P1428,Harinas
P1615,Semillas y frutos secos
P491,Azúcares y endulzantes
P1453,Cereales
P1264,Confitería
P1798,Frutas y verduras
P1969,Aseo hogar
P481,Azúcares y endulzantes
P507,Aceites y sustitutos
P3796,Chocolate
P1452,Cereales
P1851,Frutas y verduras
01332,Lácteos
P1628,Bebidas
P1490,Condimentos
P863,Cárnicos
P838,Confitería
P1180,Bebidas instantáneas
P671,Café y sustitutos
P672,Café y sustitutos
P1210,Repostería
P1810,Frutas y verduras
01594,Azúcares y endulzantes
P884,Lácteos
P1813,Frutas y verduras
P1807,Frutas y verduras
P2212,Azúcares y endulzantes
00665,Bebidas
P1193,Bebidas instantáneas
P1214,Panadería
P1259,Panadería
P537,Granos
P1986,Cuidado personal
P3943,Granos
01417,Confitería
P650,Bebidas
P1647,Confitería
P1842,Frutas y verduras
P1418,Salsas y aderezos
P777,Harinas
02270,Granos
P1239,Panadería
01994,Licores
P498,Granos
P4174,Arroz
P4472,Lácteos
P477,Azúcares y endulzantes
P2935,Cárnicos
P1811,Frutas y verduras
P509,Aceites y sustitutos
02159,Granos
P837,Confitería
P4744,Lácteos
02073,Bebidas
P1790,Cárnicos
P1648,Confitería
P1265,Confitería
P1417,Salsas y aderezos
P4629,Bebidas
P1905,Condimentos
P1002,Aseo hogar
P1440,Cereales
P2856,Repostería
P629,Arroz
P3027,Confitería
P4428,Cereales
P1832,Frutas y verduras
P699,Chocolate
02272,Chocolate
P1402,Panadería
P484,Condimentos
P1819,Frutas y verduras
P2519,Chocolate
P1915,Cereales
P1194,Bebidas instantáneas
P673,Café y sustitutos
P3026,Confitería
P869,Cárnicos
P4359,Aseo hogar
P1957,Bebidas
02109,Aseo hogar
P495,Azúcares y endulzantes
P4650,Hogar
P1192,Repostería
P1238,Panadería
P3322,Bebidas
01108,Condimentos
P1962,Harinas
P2408,Panadería
01466,Confitería
P1471,Harinas
P1212,Panadería
P531,Granos
01723,Bebidas
P3946,Lácteos
P3873,Confitería
P1427,Cereales
P492,Azúcares y endulzantes
P4100,Frutas y verduras
P1583,Mariscos
01397,Confitería
P3031,Confitería
P1777,Confitería
P2264,Confitería
P450,Hogar
02271,Granos
P829,Confitería
P497,Azúcares y endulzantes
P1676,Chocolate
P4276,Arroz
01814,Aseo hogar
P159,Cuidado personal
01988,Licores
P2687,Lácteos
P1439,Cereales
P2668,Bebidas
P3578,Confitería
P3926,Granos
P1425,Cereales
P483,Azúcares y endulzantes
P2913,Lácteos
P4621,Chocolate
P1622,Bebidas
P4250,Panadería
P885,Lácteos
P3427,Bebidas instantáneas
P1448,Harinas
P1303,Licores
P828,Confitería
P4098,Confitería
02297,Bebidas
02161,Granos
P2699,Panadería
P820,Confitería
P1646,Aseo hogar
P1254,Panadería
P1614,Semillas y frutos secos
00752,Cuidado personal
P362,Aseo hogar
P1817,Frutas y verduras
P3327,Confitería
P1639,Confitería
01602,Cárnicos
P1484,Condimentos
P834,Confitería
P1904,Aseo hogar
P1735,Cuidado personal
P836,Confitería
P1829,Frutas y verduras
P628,Arroz
P2186,Repostería
02237,Aseo hogar
02106,Harinas
P625,Arroz
P2035,Panadería
P2098,Café y sustitutos
01924,Cuidado personal
P1737,Cuidado personal
P892,Lácteos
P841,Panadería
P1773,Confitería
P1644,Confitería
P910,Avícola
P1685,Cuidado personal
00235,Lácteos
P1188,Repostería
00274,Confitería
P922,Congelados
P1674,Café y sustitutos
02305,Cárnicos
02315,Granos
P1162,Lácteos
P511,Aceites y sustitutos
02048,Panadería
P1514,Mariscos
P4072,Bebidas
P774,Harinas
P1854,Frutas y verduras
P536,Granos
P2610,Bebidas
P1415,Condimentos
01746,Aseo hogar
P1716,Cuidado personal
P717,Café y sustitutos
P2280,Panadería
P3851,Mascotas
P1796,Frutas y verduras
P797,Semillas y frutos secos
P2217,Bebidas
P4690,Bebidas
P227,Aseo hogar
P3928,Granos
P2279,Panadería
P890,Lácteos
P3505,Bebidas
P911,Avícola
P2211,Confitería
01143,Aceites y sustitutos
00029,Hogar
P2348,Lácteos
P2709,Cuidado personal
P1237,Panadería
P647,Chocolate
P2692,Lácteos
P2091,Harinas
P716,Café y sustitutos
P908,Avícola
P1410,Harinas
00236,Lácteos
P1474,Condimentos
P876,Lácteos
P259,Aseo hogar
P824,Confitería
P1475,Condimentos
P3820,Confitería
P207,Aseo hogar
01584,Confitería
P2350,Lácteos
P1243,Panadería
P1629,Bebidas
P4407,Aceites y sustitutos
02180,Azúcares y endulzantes
P1346,Cereales
P1409,Harinas
P4172,Arroz
P2097,Café y sustitutos
P3274,Bebidas
P1412,Harinas
P1771,Confitería
00710,Aceites y sustitutos
P718,Café y sustitutos
02380,Bebidas
P1861,Huevos
P2336,Condimentos
P1926,Aseo hogar
P4251,Panadería
P1748,Confitería
P257,Aseo hogar
00892,Frutas y verduras
00528,Panadería
P1345,Cereales
P711,Café y sustitutos
P1784,Panadería
P1483,Condimentos
01188,Panadería
P617,Arroz
P512,Aceites y sustitutos
P2606,Bebidas
P879,Confitería
P1769,Semillas y frutos secos
P1489,Condimentos
00113,Licores
P670,Chocolate
P2099,Café y sustitutos
P1223,Panadería
00234,Lácteos
01330,Lácteos
P1479,Condimentos
P1074,Aseo hogar
01142,Aceites y sustitutos
P904,Lácteos
P3563,Aseo hogar
P1434,Cereales
00384,Aseo hogar
00232,Lácteos
P1221,Panadería
P2385,Confitería
P623,Arroz
P709,Café y sustitutos
00233,Lácteos
00977,Aseo hogar
P898,Lácteos
P2585,Aseo hogar
01876,Aseo hogar
P1956,Bebidas
P3199,Aseo hogar
01008,Frutas y verduras
P424,Hogar
P4667,Confitería
00415,Licores
P1801,Frutas y verduras
P2608,Bebidas
P2252,Lácteos
P1815,Frutas y verduras
01859,Aseo hogar
P135,Cuidado personal
P901,Lácteos
P1246,Panadería
P1004,Aseo hogar
00737,Harinas
P1472,Harinas
P607,Arroz
P1297,Licores
P1351,Harinas
P596,Aceites y sustitutos
P449,Hogar
P2710,Condimentos
P422,Hogar
02203,Bebidas
00599,Cereales
P1367,Confitería
00087,Lácteos
P3263,Bebidas
00805,Arroz
00297,Aseo hogar
P1995,Cereales
01881,Salsas y aderezos
P656,Chocolate
P3724,Cárnicos
P640,Arroz
P3619,Panadería
02314,Granos
P1803,Frutas y verduras
P1003,Aseo hogar
P1770,Panadería
P3089,Repostería
P1057,Aseo hogar
P3745,Mascotas
P1598,Mariscos
P1640,Confitería
P3489,Confitería
02313,Granos
00625,Bebidas
P1714,Cuidado personal
00601,Granos
02274,Cárnicos
P916,Frutas y verduras
P2485,Harinas
P4304,Panadería
P4735,Arroz
P1416,Condimentos
P2978,Repostería
P4467,Lácteos
P1247,Panadería
P3286,Panadería
P751,Conservas
00551,Panadería
00051,Condimentos
P1633,Semillas y frutos secos
P468,Velas y velones
P710,Café y sustitutos
P4326,Arroz
P3707,Avícola
P1262,Panadería
P1763,Condimentos
P835,Confitería
P476,Azúcares y endulzantes
P3487,Confitería
P383,Aseo hogar
P4470,Lácteos
P1689,Cárnicos
P764,Lácteos
P178,Cuidado personal
02049,Panadería
P798,Semillas y frutos secos
P1667,Medicamentos
P1947,Bebidas
02337,Panadería
P1230,Panadería
P1806,Frutas y verduras
P2691,Lácteos
P2201,Panadería
P3613,Cuidado personal
P664,Chocolate
P1117,Aseo hogar
P1492,Condimentos
P1833,Frutas y verduras
P2950,Lácteos
02267,Azúcares y endulzantes
P1830,Frutas y verduras
P2617,Frutas y verduras
P1232,Panadería
P1027,Cuidado personal
P1717,Cuidado personal
P1793,Hogar
01713,Aseo hogar
P1516,Mariscos
P1852,Frutas y verduras
P4344,Semillas y frutos secos
P1201,Bebidas
P2653,Aseo hogar
P3526,Bebidas
01751,Lácteos
P1186,Repostería
P1588,Cárnicos
01198,Bebidas
02160,Granos
P1478,Condimentos
P2497,Condimentos
P1171,Panadería
P3689,Lácteos
P4338,Cuidado personal
P3035,Panadería
P203,Aseo hogar
P4468,Lácteos
P757,Lácteos
P206,Aseo hogar
P1094,Aseo hogar
01959,Bebidas
P862,Cárnicos
P594,Aceites y sustitutos
P1736,Cuidado personal
P231,Aseo hogar
P1670,Salsas y aderezos
P660,Chocolate
P3929,Granos
P1033,Cuidado personal
P4105,Condimentos
P823,Confitería
P1858,Frutas y verduras
P1258,Panadería
01756,Bebidas
P2998,Aseo hogar
P853,Cárnicos
P3977,Panadería
P1423,Cereales
00831,Confitería
P534,Granos
01428,Bebidas
P1826,Frutas y verduras
P1825,Frutas y verduras
P2352,Lácteos
P1611,Semillas y frutos secos
P1405,Harinas
P1446,Cereales
P4469,Lácteos
P878,Lácteos
P2081,Aseo hogar
P592,Aceites y sustitutos
P1198,Bebidas
P1436,Harinas
P1618,Semillas y frutos secos
P532,Granos
02721,Lácteos
02633,Licores
02010,Mariscos
P1681,Hogar
P2347,Lácteos
P627,Arroz
P4306,Panadería
P880,Lácteos
P4408,Velas y velones
P1227,Panadería
P2403,Frutas y verduras
P1207,Bebidas
P2012,Semillas y frutos secos
P678,Café y sustitutos
P1133,Aseo hogar
00529,Aseo hogar
P4187,Confitería
P467,Velas y velones
02003,Lácteos
P915,Frutas y verduras
P4099,Panadería
00512,Aseo hogar
02212,Confitería
P1266,Confitería
P1616,Semillas y frutos secos
P1828,Frutas y verduras
01926,Cereales
P2203,Mariscos
P3967,Bebidas
00432,Condimentos
P1985,Confitería
01366,Hogar
P2832,Cereales
00550,Panadería
P1026,Cuidado personal
P1661,Hogar
P256,Aseo hogar
P1140,Aseo hogar
P4056,Panadería
P1263,Panadería
P527,Granos
01860,Aseo hogar
02002,Lácteos
P1001,Aseo hogar
P3676,Conservas
P3681,Cereales
P3353,Confitería
P960,Hogar
P827,Confitería
02175,Cereales
P1170,Panadería
P1231,Panadería
P3598,Mascotas
P902,Lácteos
02005,Mariscos
P1931,Aseo hogar
P612,Arroz
P825,Confitería
P2060,Lácteos
P3903,Lácteos
P1217,Panadería
P1695,Cárnicos
P1578,Salsas y aderezos
P439,Hogar
P2980,Panadería
P2024,Panadería
P4286,Aseo hogar
P3757,Confitería
P1336,Confitería
P2581,Bebidas
02153,Bebidas
P3440,Bebidas
P4557,Condimentos
P2500,Mariscos
02268,Azúcares y endulzantes
01851,Aseo hogar
P603,Aceites y sustitutos
P539,Granos
P615,Arroz
P4196,Panadería
P866,Cárnicos
P1260,Panadería
P3301,Panadería
P2639,Lácteos
P1921,Hogar
01340,Salsas y aderezos
P2236,Lácteos
01494,Bebidas
P1731,Confitería
P1521,Mariscos
P723,Chocolate
01841,Bebidas
01144,Aceites y sustitutos
P622,Arroz
P1754,Cuidado personal
P3122,Panadería
01801,Bebidas
P4438,Panadería
P513,Aceites y sustitutos
P2473,Granos
02741,Confitería
00951,Cuidado personal
P445,Hogar
P2090,Cárnicos
P737,Lácteos
P3308,Azúcares y endulzantes
00116,Mariscos
P1104,Aseo hogar
P857,Cárnicos
P1827,Frutas y verduras
P855,Cárnicos
P1857,Frutas y verduras
P1069,Aseo hogar
P4645,Aseo hogar
P466,Velas y velones
P443,Hogar
P840,Confitería
00180,Panadería
P1856,Frutas y verduras
P3289,Panadería
02711,Congelados
P1465,Panadería
P3883,Panadería
02356,Confitería
P1785,Confitería
P2795,Salsas y aderezos
02285,Harinas
P496,Cereales
02138,Confitería
P1809,Frutas y verduras
P1470,Harinas
00670,Panadería
P3575,Bebidas
P877,Lácteos
P762,Lácteos
02707,Confitería
01100,Panadería
P2108,Granos
P1437,Cereales
01996,Lácteos
P3340,Chocolate
P3426,Bebidas
02715,Congelados
P1853,Frutas y verduras
P2520,Chocolate
P4144,Mariscos
02064,Confitería
P3898,Granos
P4365,Confitería
00301,Confitería
01627,Frutas y verduras
P2751,Conservas
P2599,Confitería
P2019,Velas y velones
01464,Aceites y sustitutos
P1185,Lácteos
P4362,Condimentos
P923,Frutas y verduras
P1127,Aseo hogar
P1690,Condimentos
P3566,Cereales
P442,Hogar
P136,Cuidado personal
P2078,Cuidado personal
P763,Lácteos
P169,Cuidado personal
P1482,Condimentos
01071,Frutas y verduras
P3276,Aseo hogar
P1965,Aseo hogar
P425,Hogar
P4041,Hogar
P883,Lácteos
P1241,Panadería
02162,Semillas y frutos secos
P1665,Lácteos
P1028,Cuidado personal
01250,Condimentos
P1488,Condimentos
P896,Lácteos
01065,Salsas y aderezos
00556,Panadería
P968,Cuidado personal
P2137,Bebidas
P3525,Bebidas
P279,Aseo hogar
01660,Cuidado personal
P3639,Bebé
P3464,Cuidado personal
P3750,Bebidas
P1150,Aseo hogar
P465,Velas y velones
P3624,Panadería
P1242,Panadería
P1195,Repostería
00382,Confitería
01930,Licores
00257,Confitería
02022,Cárnicos
01971,Aceites y sustitutos
P307,Aseo hogar
P156,Cuidado personal
P1333,Confitería
02382,Granos
P1812,Frutas y verduras
01919,Confitería
P4316,Panadería
02392,Lácteos
02648,Semillas y frutos secos
P4466,Aseo hogar
P2096,Panadería
P1261,Panadería
P1344,Panadería
01856,Bebidas
P639,Arroz
01890,Panadería
00307,Lácteos
02158,Granos
02211,Cárnicos
P382,Aseo hogar
P1319,Panadería
P562,Aceites y sustitutos
P601,Mascotas
00487,Lácteos
P1613,Semillas y frutos secos
P1730,Condimentos
P2059,Frutas y verduras
P3057,Lácteos
00813,Hogar
02035,Lácteos
P100,Cuidado personal
P350,Aseo hogar
01903,Hogar
01259,Confitería
P1704,Medicamentos
P2048,Confitería
P3030,Confitería
P604,Aceites y sustitutos
01329,Lácteos
02311,Harinas
P2488,Panadería
01072,Bebidas
01298,Confitería
P3807,Hogar
P995,Aseo hogar
P606,Arroz
P2434,Hogar
P1325,Panadería
01623,Cárnicos
P3393,Aseo hogar
P3986,Bebidas
P1166,Panadería
P2011,Aseo hogar
02627,Bebidas
P2999,Panadería
02020,Cárnicos
P2426,Semillas y frutos secos
P3445,Lácteos
P264,Aseo hogar
P444,Hogar
P1565,Salsas y aderezos
P4,Cuidado personal
P1652,Hogar
P4203,Salsas y aderezos
P2750,Panadería
P3418,Bebidas
P3696,Café y sustitutos
P1691,Condimentos
P3196,Aseo hogar
01348,Bebidas
02231,Aseo hogar
P4111,Condimentos
P297,Hogar
P1151,Aseo hogar
01399,Aseo hogar
P4029,Lácteos
P2065,Licores
P4109,Condimentos
P1703,Medicamentos
P4231,Panadería
02142,Aseo hogar
P2349,Lácteos
P139,Cuidado personal
02372,Repostería
P4453,Café y sustitutos
P2092,Panadería
P1381,Confitería
01803,Lácteos
00532,Bebidas
P3723,Arroz
00008,Bebidas
P1324,Panadería
01519,Condimentos
01785,Lácteos
01966,Mariscos
P1684,Cuidado personal
00306,Lácteos
00555,Hogar
P1113,Aseo hogar
P2502,Cuidado personal
P1222,Panadería
01156,Conservas
01460,Hogar
P1431,Cereales
P2790,Bebidas instantáneas
P2461,Confitería
01658,Bebidas
P1090,Aseo hogar
00199,Avícola
01909,Panadería
P611,Arroz
P1573,Salsas y aderezos
P2625,Panadería
P451,Hogar
P1658,Medicamentos
01390,Aseo hogar
P1183,Bebidas
P416,Hogar
P2232,Chocolate
P2141,Panadería
P4471,Lácteos
P510,Aceites y sustitutos
00394,Cárnicos
01157,Chocolate
P1481,Condimentos
P3292,Cuidado personal
P2467,Aseo hogar
P657,Chocolate
01161,Lácteos
P1823,Frutas y verduras
01624,Cárnicos
02052,Mascotas
P679,Café y sustitutos
00311,Lácteos
P3803,Confitería
P1800,Frutas y verduras
P2015,Aceites y sustitutos
P3614,Hogar
P4623,Confitería
00459,Lácteos
P191,Aseo hogar
P446,Hogar
01419,Panadería
P2806,Hogar
P891,Lácteos
01911,Salsas y aderezos
02704,Confitería
P1901,Aseo hogar
P2319,Cereales
P598,Aceites y sustitutos
P1725,Cuidado personal
P1914,Aseo hogar
01446,Salsas y aderezos
P2063,Aseo hogar
P2674,Salsas y aderezos
P2195,Cereales
P3514,Lácteos
P2153,Cárnicos
00600,Bebidas
01902,Condimentos
P2690,Lácteos
01961,Bebidas
P2561,Aseo hogar
P4693,Lácteos
02772,Chocolate
P1473,Panadería
P1859,Frutas y verduras
P3887,Cárnicos
P1849,Frutas y verduras
P796,Semillas y frutos secos
P2643,Panadería
P875,Lácteos
P3117,Velas y velones
P1732,Cuidado personal
01522,Condimentos
01896,Bebidas
00327,Chocolate
01607,Licores
00815,Hogar
02039,Mascotas
P614,Arroz
01811,Confitería
00192,Café y sustitutos
00190,Condimentos
P992,Licores
P769,Harinas
P1935,Aseo hogar
P349,Aseo hogar
P1919,Aseo hogar
P4560,Panadería
P2210,Cárnicos
P505,Aceites y sustitutos
P2441,Aseo hogar
P1455,Cereales
P2572,Confitería
P4595,Condimentos
00709,Hogar
01732,Lácteos
P1567,Salsas y aderezos
P3590,Mascotas
P1692,Café y sustitutos
P1487,Condimentos
01036,Aseo hogar
P567,Aceites y sustitutos
00654,Salsas y aderezos
P2083,Condimentos
P997,Aseo hogar
P1617,Semillas y frutos secos
P1818,Frutas y verduras
00851,Aseo hogar
P529,Granos
P3920,Aseo hogar
00836,Arroz
02244,Salsas y aderezos
01402,Aseo hogar
00114,Bebidas
P1941,Confitería
P4152,Bebidas
P1841,Frutas y verduras
P1504,Condimentos
P262,Aseo hogar
P642,Arroz
P1612,Semillas y frutos secos
P1025,Cuidado personal
00452,Frutas y verduras
02093,Lácteos
P1206,Bebidas
01895,Frutas y verduras
P799,Semillas y frutos secos
P1517,Mariscos
01518,Lácteos
01139,Confitería
P1953,Panadería
P375,Aseo hogar
P3626,Conservas
01576,Café y sustitutos
P2411,Lácteos
P3184,Hogar
P1808,Frutas y verduras
01289,Frutas y verduras
P1700,Medicamentos
P4108,Condimentos
P2132,Panadería
P549,Aceites y sustitutos
P4087,Granos
02196,Aseo hogar
P3531,Licores
P3003,Salsas y aderezos
P1651,Hogar
P1288,Licores
P2359,Cuidado personal
P2675,Salsas y aderezos
P1712,Cárnicos
P1486,Condimentos
P1376,Confitería
P2428,Cereales
P261,Aseo hogar
P2698,Panadería
01379,Confitería
P4092,Café y sustitutos
P3484,Bebidas
01767,Panadería
P1334,Confitería
P1686,Cuidado personal
P4114,Condimentos
P1706,Medicamentos
P506,Aceites y sustitutos
01199,Licores
P2513,Aceites y sustitutos
P4483,Aseo hogar
P1774,Confitería
P1824,Frutas y verduras
P3128,Salsas y aderezos
P4505,Velas y velones
P803,Confitería
P1992,Aseo hogar
P1485,Condimentos
P2464,Cárnicos
P1734,Azúcares y endulzantes
01007,Bebidas
00637,Lácteos
P1570,Salsas y aderezos
P1608,Mariscos
P4455,Lácteos
P994,Aseo hogar
P4504,Velas y velones
P2486,Cuidado personal
P3062,Salsas y aderezos
01721,Conservas
P754,Conservas
P1442,Cereales
P2064,Lácteos
P609,Arroz
P1155,Repostería
01077,Hogar
00669,Panadería
P2689,Lácteos
P3533,Cuidado personal
P2025,Bebidas
02087,Aseo hogar
P1562,Salsas y aderezos
00494,Confitería
01045,Confitería
P2620,Café y sustitutos
P714,Café y sustitutos
P2184,Panadería
P501,Confitería
P370,Aseo hogar
P1949,Bebidas
P677,Café y sustitutos
P3895,Bebidas
00938,Bebidas
P781,Cereales
P4052,Lácteos
01813,Salsas y aderezos
02088,Hogar
P3947,Cereales
P1983,Aseo hogar
P4117,Condimentos
P34,Cuidado personal
P1213,Panadería
P469,Velas y velones
P560,Aceites y sustitutos
P4603,Mascotas
P4651,Conservas
00150,Bebidas
P2104,Confitería
P4113,Condimentos
01948,Mariscos
02384,Mariscos
P230,Aseo hogar
02439,Mariscos
P1202,Bebidas
P1387,Confitería
00321,Hogar
P3666,Aseo hogar
P843,Panadería
P2335,Condimentos
P807,Confitería
P1863,Frutas y verduras
02125,Aseo hogar
P819,Confitería
P4559,Aseo hogar
P1386,Confitería
P1620,Semillas y frutos secos
P2292,Lácteos
P4303,Lácteos
P4305,Panadería
P464,Velas y velones
P701,Café y sustitutos
01439,Azúcares y endulzantes
01882,Cárnicos
P3123,Panadería
00746,Aseo hogar
02057,Hogar
P1896,Frutas y verduras
P3992,Granos
P1200,Bebidas
P1696,Condimentos
P610,Arroz
00557,Panadería
P1196,Repostería
P3476,Chocolate
P3250,Bebidas
P909,Avícola
P1152,Aseo hogar
P472,Velas y velones
01730,Confitería
02376,Granos
P651,Bebidas
P4110,Condimentos
P1597,Cárnicos
01260,Bebidas
P1024,Cuidado personal
P4185,Panadería
P158,Panadería
00931,Panadería
P3593,Panadería
P215,Lácteos
P1187,Repostería
02235,Condimentos
02253,Condimentos
00825,Aseo hogar
00196,Lácteos
01621,Cárnicos
P4328,Aseo hogar
P2545,Confitería
P3890,Panadería
P3744,Mascotas
P2309,Hogar
P4409,Confitería
00453,Frutas y verduras
01497,Mariscos
P2249,Chocolate
P4604,Confitería
P789,Harinas
00814,Hogar
P176,Cuidado personal
P2916,Mascotas
02261,Chocolate
P1996,Confitería
02298,Licores
P1456,Cereales
00552,Panadería
P2615,Aseo hogar
P2188,Hogar
P2167,Lácteos
01905,Salsas y aderezos
02724,Hogar
00310,Lácteos
P1154,Repostería
00243,Confitería
P1873,Frutas y verduras
P2817,Café y sustitutos
P1845,Frutas y verduras
P1253,Panadería
P3695,Café y sustitutos
P2484,Confitería
P3627,Repostería
P1158,Repostería
P3255,Confitería
P1960,Aseo hogar
P1932,Hogar
00596,Panadería
P1430,Harinas
02468,Lácteos
02649,Semillas y frutos secos
P3295,Bebidas
P1822,Frutas y verduras
P2559,Cuidado personal
P1363,Cuidado personal
02104,Mariscos
P2868,Cuidado personal
P1546,Mariscos
P1865,Frutas y verduras
P4730,Lácteos
P1518,Mariscos
P493,Azúcares y endulzantes
P1335,Confitería
P533,Granos
00922,Chocolate
01791,Cuidado personal
P2418,Aseo hogar
01659,Bebidas
02101,Mascotas
P2245,Cuidado personal
P2294,Licores
00332,Harinas
P3530,Licores
P3998,Cárnicos
P447,Hogar
P1234,Panadería
P2803,Café y sustitutos
02264,Panadería
P111,Cuidado personal
P688,Café y sustitutos
01690,Confitería
00719,Aseo hogar
01187,Bebidas
P2075,Conservas
01370,Lácteos
P3798,Harinas
P564,Aceites y sustitutos
P1576,Salsas y aderezos
P290,Aseo hogar
P2601,Panadería
P150,Cuidado personal
P4570,Arroz
02568,Lácteos
P669,Confitería
00291,Chocolate
P289,Aseo hogar
01991,Panadería
02262,Granos
P31,Cuidado personal
P1337,Confitería
P4301,Conservas
02105,Mariscos
01502,Lácteos
P3260,Confitería
P1225,Panadería
P1955,Bebidas
P2026,Lácteos
P471,Velas y velones
P2180,Aseo hogar
P3826,Confitería
P3752,Cárnicos
01252,Aseo hogar
02334,Aseo hogar
01700,Aseo hogar
01599,Aceites y sustitutos
P4274,Aseo hogar
00508,Panadería
P1609,Mariscos
P703,Café y sustitutos
P515,Aceites y sustitutos
P3516,Lácteos
00211,Chocolate
00518,Lácteos
P4249,Hogar
02434,Bebidas
P583,Aceites y sustitutos
02228,Cuidado personal
00505,Condimentos
P1109,Aseo hogar
P584,Aceites y sustitutos
P239,Aseo hogar
00564,Panadería
00460,Cuidado personal
P900,Lácteos
01470,Medicamentos
P2121,Confitería
00380,Conservas
P436,Velas y velones
P3048,Lácteos
02659,Café y sustitutos
P266,Aseo hogar
P2284,Confitería
00105,Panadería
00120,Semillas y frutos secos
01080,Lácteos
P2244,Aseo hogar
P1429,Cereales
P1142,Aseo hogar
02255,Bebidas
P3002,Panadería
00635,Chocolate
P4371,Panadería
P2512,Aceites y sustitutos
P121,Cuidado personal
P3664,Aseo hogar
P2887,Confitería
P1541,Salsas y aderezos
P4225,Aseo hogar
00517,Lácteos
P4520,Condimentos
P1397,Café y sustitutos
00620,Confitería
P3116,Velas y velones
P1621,Semillas y frutos secos
P4442,Aseo hogar
00610,Congelados
P661,Chocolate
P2582,Condimentos
P2439,Aseo hogar
P1236,Panadería
P2386,Bebidas
02567,Panadería
P3823,Mariscos
P3243,Cereales
P405,Bebidas
P1118,Aseo hogar
01377,Arroz
P886,Lácteos
P2354,Lácteos
P1034,Cuidado personal
P1208,Confitería
02713,Confitería
01290,Frutas y verduras
P2667,Aseo hogar
P3804,Semillas y frutos secos
01945,Bebidas
P2170,Cárnicos
P2293,Panadería
00621,Cuidado personal
P3783,Hogar
02905,Licores
P903,Lácteos
P2629,Velas y velones
P1802,Frutas y verduras
P3191,Cuidado personal
P1350,Chocolate
P2438,Aseo hogar
P1867,Frutas y verduras
00023,Semillas y frutos secos
P704,Café y sustitutos
01230,Aseo hogar
P3441,Aseo hogar
P4401,Aseo hogar
P1012,Aseo hogar
P961,Hogar
02469,Lácteos
P1697,Condimentos
02706,Confitería
02150,Mascotas
P4115,Condimentos
01245,Panadería
00793,Panadería
P2213,Aceites y sustitutos
00486,Cereales
P4192,Mariscos
00450,Lácteos
P4513,Conservas
P4302,Conservas
02373,Semillas y frutos secos
P1493,Condimentos
P1233,Panadería
02608,Semillas y frutos secos
P285,Aseo hogar
02709,Confitería
00736,Harinas
P3782,Cuidado personal
P638,Arroz
P1868,Frutas y verduras
P991,Licores
P687,Café y sustitutos
P2304,Condimentos
P831,Confitería
P4743,Hogar
02435,Bebidas
P4116,Condimentos
P4484,Aceites y sustitutos
P2442,Aseo hogar
01701,Aseo hogar
P3041,Cuidado personal
01693,Cuidado personal
P1500,Cárnicos
02467,Lácteos
P1332,Confitería
00500,Cárnicos
P3925,Cuidado personal
P1765,Hogar
P802,Confitería
P4543,Confitería
P600,Aceites y sustitutos
02210,Aceites y sustitutos
P516,Aceites y sustitutos
00181,Bebidas
P3085,Medicamentos
P557,Café y sustitutos
P4749,Frutas y verduras
P1079,Aseo hogar
P2871,Bebidas
P1244,Panadería
P267,Aseo hogar
P3978,Panadería
P1008,Aseo hogar
P1177,Lácteos
P302,Aseo hogar
P721,Chocolate
P4298,Café y sustitutos
00542,Café y sustitutos
P2084,Condimentos
P1007,Aseo hogar
P975,Cuidado personal
P3471,Bebidas
00254,Anchetas
P437,Velas y velones
01643,Mascotas
01111,Cereales
P1795,Panadería
00305,Lácteos
02650,Confitería
00824,Cereales
P1494,Cereales
P1064,Aseo hogar
01261,Panadería
01625,Aceites y sustitutos
P1219,Panadería
P3444,Lácteos
P3784,Aseo hogar
P3273,Chocolate
01795,Cuidado personal
P1638,Confitería
00606,Aseo hogar
P3913,Bebidas
P1071,Aseo hogar
P845,Panadería
02058,Hogar
P3935,Arroz
P1070,Aseo hogar
P3719,Bebidas
P768,Harinas
P3537,Aseo hogar
P1643,Salsas y aderezos
P4591,Condimentos
02708,Confitería
P1115,Aseo hogar
02183,Confitería
01929,Aseo hogar
01513,Cuidado personal
P4016,Hogar
02136,Velas y velones
P2430,Semillas y frutos secos
P4357,Aseo hogar
01878,Aceites y sustitutos
P1143,Aseo hogar
P1897,Frutas y verduras
02328,Condimentos
P1454,Cereales
P4636,Aceites y sustitutos
01219,Aseo hogar
02381,Hogar
00817,Bebidas
00961,Repostería
01547,Arroz
00629,Lácteos
P1018,Aseo hogar
01666,Bebidas
00273,Aseo hogar
P387,Aseo hogar
00054,Azúcares y endulzantes
02207,Bebidas
00488,Panadería
P133,Cuidado personal
00010,Hogar
01923,Hogar
01784,Lácteos
P882,Salsas y aderezos
P1672,Salsas y aderezos
P2705,Panadería
00152,Hogar
P2716,Harinas
P3754,Aseo hogar
P3661,Aceites y sustitutos
P752,Conservas
00097,Aseo hogar
00685,Aceites y sustitutos
P1328,Panadería
P631,Condimentos
P894,Lácteos
P1148,Aseo hogar
P2383,Granos
01288,Mascotas
01846,Aseo hogar
P1341,Confitería
00002,Confitería
01810,Confitería
P1169,Panadería
00681,Cárnicos
P919,Congelados
02550,Condimentos
00553,Panadería
P667,Café y sustitutos
P1378,Confitería
P695,Café y sustitutos
P3527,Licores
P1215,Panadería
P3748,Confitería
02006,Lácteos
P3167,Lácteos
P1366,Confitería
00535,Aseo hogar
P1038,Cuidado personal
P312,Harinas
01557,Condimentos
02363,Semillas y frutos secos
P1304,Licores
P698,Café y sustitutos
01553,Hogar
P2459,Cárnicos
P1561,Salsas y aderezos
P251,Salsas y aderezos
P1989,Aseo hogar
P1093,Aseo hogar
P2491,Cárnicos
02651,Confitería
P247,Aseo hogar
P1145,Aseo hogar
P3104,Bebidas
00101,Aseo hogar
P3247,Hogar
02476,Lácteos
P1564,Salsas y aderezos
P4423,Aseo hogar
00383,Aseo hogar
01500,Aseo hogar
P2272,Aseo hogar
01850,Bebidas
P1660,Medicamentos
00364,Anchetas
P3559,Aseo hogar
P174,Aseo hogar
02723,Confitería
P2682,Frutas y verduras
P1296,Licores
P1544,Salsas y aderezos
P300,Aseo hogar
P1314,Bebidas
P448,Hogar
P3952,Licores
P301,Aseo hogar
P2893,Panadería
02722,Confitería
P645,Condimentos
00240,Lácteos
01957,Confitería
P480,Café y sustitutos
01063,Salsas y aderezos
P1708,Medicamentos
P1168,Panadería
02190,Cereales
00771,Cárnicos
P4000,Lácteos
P809,Chocolate
02718,Confitería
02402,Condimentos
P322,Aseo hogar
P556,Aceites y sustitutos
02401,Cárnicos
00563,Panadería
P705,Café y sustitutos
00860,Panadería
P4465,Cárnicos
P166,Cuidado personal
01183,Bebidas
P1181,Bebidas instantáneas
P1642,Salsas y aderezos
01451,Cárnicos
P3693,Cuidado personal
P1384,Confitería
01246,Confitería
P1144,Aseo hogar
01496,Bebidas
01583,Hogar
P4171,Arroz
02427,Salsas y aderezos
00089,Confitería
00156,Licores
P440,Hogar
P2227,Café y sustitutos
01772,Hogar
P3708,Aseo hogar
P1683,Cuidado personal
P967,Cuidado personal
P3633,Harinas
P868,Cárnicos
P1649,Hogar
P666,Café y sustitutos
P750,Conservas
P1220,Panadería
P3046,Lácteos
P3248,Bebidas
P3395,Cuidado personal
P1963,Salsas y aderezos
P3866,Lácteos
P697,Café y sustitutos
P552,Aceites y sustitutos
00772,Cárnicos
P232,Aseo hogar
02465,Lácteos
P3758,Café y sustitutos
01908,Café y sustitutos
00573,Mascotas
P2587,Aseo hogar
P765,Lácteos
01879,Mariscos
P3025,Cuidado personal
P4474,Confitería
P2658,Aceites y sustitutos
P3086,Lácteos
P253,Aseo hogar
P3313,Hogar
P2260,Café y sustitutos
P767,Harinas
02426,Bebidas
P1209,Lácteos
00849,Condimentos
P4063,Salsas y aderezos
P514,Aceites y sustitutos
00098,Aseo hogar
01347,Mascotas
00302,Cereales
00499,Cárnicos
P2622,Panadería
P893,Lácteos
P2975,Confitería
P1727,Cuidado personal
P1395,Confitería
P1902,Aseo hogar
P1990,Aseo hogar
P2926,Aceites y sustitutos
P1513,Mariscos
P3238,Hogar
P2148,Aseo hogar
02629,Azúcares y endulzantes
P141,Cuidado personal
01410,Lácteos
P602,Aceites y sustitutos
02309,Aseo hogar
00743,Bebidas
P3828,Bebidas
P1491,Condimentos
01005,Aseo hogar
P3845,Mascotas
00714,Mariscos
02539,Lácteos
P1182,Bebidas instantáneas
P4107,Condimentos
00675,Café y sustitutos
P3799,Bebidas
P4106,Condimentos
P2619,Cárnicos
P3705,Azúcares y endulzantes
P1543,Salsas y aderezos
02586,Panadería
01328,Mascotas
P1371,Confitería
02428,Bebidas
P2503,Lácteos
P310,Azúcares y endulzantes
P4088,Hogar
P4392,Cuidado personal
02258,Café y sustitutos
P1850,Frutas y verduras
00937,Lácteos
00362,Mascotas
00810,Cárnicos
P1592,Cárnicos
P1572,Salsas y aderezos
P1343,Confitería
01467,Aseo hogar
P3197,Aseo hogar
P3074,Cárnicos
00461,Cuidado personal
01318,Aseo hogar
P3259,Lácteos
P2172,Lácteos
P2861,Cereales
P1032,Cuidado personal
00262,Lácteos
P2291,Panadería
P2654,Aceites y sustitutos
P3141,Semillas y frutos secos
P3413,Cárnicos
00554,Lácteos
P2387,Medicamentos
00949,Avícola
P4125,Panadería
P1390,Confitería
02266,Cuidado personal
P1407,Harinas
P1675,Chocolate
01368,Aseo hogar
01579,Confitería
02414,Aseo hogar
P2808,Bebidas instantáneas
P3787,Aseo hogar
P579,Aceites y sustitutos
P3518,Medicamentos
P296,Aseo hogar
00706,Mascotas
00498,Lácteos
P295,Aseo hogar
02329,Aseo hogar
01255,Panadería
P681,Chocolate
P4221,Aseo hogar
01275,Confitería
P3144,Cereales
02301,Mariscos
00007,Aseo hogar
02353,Avícola
P2947,Aseo hogar
02660,Confitería
P3049,Confitería
00172,Salsas y aderezos
P3429,Chocolate
P2807,Bebidas instantáneas
P2962,Panadería
00099,Aseo hogar
01916,Lácteos
P605,Aceites y sustitutos
P1191,Bebidas
P1051,Aseo hogar
00107,Aseo hogar
P4081,Mariscos
01129,Cárnicos
P3257,Chocolate
P547,Aceites y sustitutos
02464,Confitería
P1224,Panadería
P4299,Aseo hogar
P1792,Condimentos
P4219,Harinas
P2014,Confitería
P3217,Medicamentos
P1593,Mariscos
P1464,Panadería
00774,Cárnicos
P586,Aceites y sustitutos
P2255,Aseo hogar
00745,Aseo hogar
02778,Salsas y aderezos
02086,Aseo hogar
P4194,Mascotas
P1889,Aceites y sustitutos
P4023,Licores
P4588,Chocolate
02597,Aseo hogar
P1156,Repostería
01845,Cuidado personal
P3329,Conservas
01796,Aseo hogar
00281,Aceites y sustitutos
P2290,Panadería
P715,Café y sustitutos
P1081,Cereales
P3809,Confitería
P1890,Mascotas
00744,Cereales
02269,Azúcares y endulzantes
P4416,Aseo hogar
02569,Panadería
02085,Aseo hogar
P323,Aseo hogar
P2251,Cereales
P3084,Medicamentos
P1211,Repostería
P1174,Lácteos
P3453,Repostería
P2413,Aseo hogar
P3373,Azúcares y endulzantes
P502,Mascotas
P2834,Aseo hogar
01294,Confitería
P2664,Aseo hogar
P1944,Aseo hogar
01855,Bebidas
P1751,Confitería
P1404,Harinas
P214,Aseo hogar
P4526,Harinas
01863,Lácteos
P234,Aseo hogar
P2427,Semillas y frutos secos
01257,Panadería
P2715,Lácteos
01168,Bebé
P1869,Frutas y verduras
P2583,Condimentos
02257,Lácteos
P3552,Aseo hogar
P2133,Café y sustitutos
P2627,Confitería
P3021,Cuidado personal
01544,Cuidado personal
02710,Confitería
01914,Lácteos
P4501,Condimentos
01081,Lácteos
P454,Aseo hogar
01593,Chocolate
P2611,Bebidas
02260,Chocolate
P566,Aceites y sustitutos
01334,Arroz
P4118,Condimentos
02478,Lácteos
P3300,Cárnicos
P4183,Hogar
P3653,Bebidas
02236,Cuidado personal
P1285,Licores
01921,Harinas
P1205,Bebidas
02572,Lácteos
01679,Harinas
00315,Lácteos
P3583,Bebidas instantáneas
01396,Frutas y verduras
02349,Lácteos
P3923,Panadería
P2241,Hogar
02396,Chocolate
00020,Mariscos
00285,Aseo hogar
01906,Salsas y aderezos
P1388,Confitería
01202,Cárnicos
P3442,Aseo hogar
P4404,Aseo hogar
P2758,Repostería
01777,Mascotas
P4007,Salsas y aderezos
P1722,Cuidado personal
P3900,Panadería
P1900,Aseo hogar
P3856,Aseo hogar
P2899,Bebidas
P4628,Aseo hogar
01138,Panadería
01551,Aseo hogar
P1110,Cuidado personal
P3316,Aseo hogar
P1627,Bebidas
P3549,Aseo hogar
P1979,Bebé
P4121,Condimentos
P692,Café y sustitutos
P1694,Bebidas instantáneas
P1379,Confitería
P1179,Repostería
P120,Cuidado personal
P3717,Confitería
P3697,Licores
P4287,Aseo hogar
P2673,Medicamentos
P4495,Semillas y frutos secos
02661,Confitería
P1097,Aseo hogar
P4308,Panadería
P4096,Confitería
P1907,Chocolate
01979,Aceites y sustitutos
00032,Panadería
P597,Aceites y sustitutos
P2094,Confitería
P665,Café y sustitutos
P2273,Lácteos
P406,Aseo hogar
P1961,Confitería
P842,Panadería
P1112,Aseo hogar
P1108,Aseo hogar
01638,Cereales
P2154,Lácteos
P1568,Salsas y aderezos
00231,Harinas
P2448,Hogar
02460,Hogar
P399,Hogar
P4420,Confitería
01358,Congelados
P412,Aseo hogar
P4313,Aseo hogar
00894,Bebidas
02188,Aseo hogar
P1036,Cuidado personal
P2032,Lácteos
P1952,Chocolate
01910,Panadería
01163,Mascotas
P3781,Cuidado personal
01088,Aceites y sustitutos
P125,Aseo hogar
02726,Cuidado personal
00582,Cereales
00194,Aseo hogar
02081,Aseo hogar
02714,Panadería
P696,Café y sustitutos
P3008,Salsas y aderezos
P2243,Aseo hogar
P1584,Mariscos
P1330,Confitería
P2173,Confitería
P3149,Cereales
02110,Cuidado personal
P1374,Confitería
P572,Aceites y sustitutos
00130,Hogar
02475,Lácteos
01573,Azúcares y endulzantes
01026,Hogar
00803,Aseo hogar
P2010,Café y sustitutos
P3411,Salsas y aderezos
P740,Chocolate
01151,Velas y velones
P2881,Aseo hogar
00100,Aseo hogar
01575,Azúcares y endulzantes
02413,Aseo hogar
P1726,Cuidado personal
P2982,Confitería
02570,Lácteos
02598,Aseo hogar
P1898,Cuidado personal
P1480,Condimentos
P4061,Cuidado personal
P162,Cuidado personal
00215,Harinas
P4571,Arroz
P2536,Aseo hogar
P1190,Bebidas
P2728,Panadería
P2616,Cuidado personal
P186,Cuidado personal
01031,Aseo hogar
P3134,Confitería
P2005,Aseo hogar
P1383,Confitería
02407,Semillas y frutos secos
02441,Mariscos
P4067,Bebidas
00673,Café y sustitutos
P3621,Aceites y sustitutos
P3311,Hogar
P2529,Aceites y sustitutos
P2904,Velas y velones
P4285,Cuidado personal
01642,Confitería
P2181,Cuidado personal
00616,Lácteos
01928,Aseo hogar
P2876,Cuidado personal
P4215,Cuidado personal
P3168,Lácteos
P2955,Aseo hogar
01331,Lácteos
P1999,Aseo hogar
P1408,Harinas
P4154,Aseo hogar
P1967,Aseo hogar
P2794,Cuidado personal
02176,Café y sustitutos
P2343,Hogar
01440,Salsas y aderezos
P110,Cuidado personal
P2020,Arroz
01656,Cuidado personal
02303,Panadería
P1650,Hogar
00755,Velas y velones
P4479,Panadería
00893,Aceites y sustitutos
01164,Mascotas
P1946,Café y sustitutos
P2206,Aseo hogar
P1671,Salsas y aderezos
00638,Café y sustitutos
P2990,Lácteos
P2311,Panadería
P1497,Condimentos
P4350,Velas y velones
P3011,Mascotas
P4638,Panadería
P143,Confitería
00148,Panadería
P1226,Panadería
P3406,Bebidas
P4082,Panadería
P3588,Condimentos
01637,Hogar
P4208,Mascotas
02130,Condimentos
P3792,Cuidado personal
P1116,Condimentos
02168,Aceites y sustitutos
P1752,Salsas y aderezos
02412,Aseo hogar
P3535,Aceites y sustitutos
01849,Cuidado personal
P4624,Hogar
P470,Velas y velones
P1000,Cuidado personal
P269,Aseo hogar
02112,Aseo hogar
00286,Aseo hogar
P981,Licores
01920,Café y sustitutos
P3902,Cuidado personal
P2981,Aceites y sustitutos
P1165,Lácteos
P4093,Mariscos
00724,Velas y velones
P3567,Aseo hogar
00826,Cárnicos
01217,Aseo hogar
00560,Mariscos
P3142,Lácteos
00763,Lácteos
00166,Aseo hogar
P3789,Cuidado personal
P4425,Panadería
P1799,Frutas y verduras
P3133,Panadería
P2931,Cárnicos
P3189,Condimentos
P554,Panadería
P441,Bebidas
P887,Lácteos
P950,Hogar
00655,Mariscos
00417,Confitería
P2076,Condimentos
1984,Hogar
02096,Confitería
P735,Chocolate
P2928,Aseo hogar
P3994,Cuidado personal
02037,Bebé
01225,Aseo hogar
P2088,Aceites y sustitutos
00965,Aseo hogar
P3193,Aseo hogar
P249,Aseo hogar
00692,Mariscos
02717,Bebidas
P1659,Medicamentos
P1362,Café y sustitutos
01212,Panadería
00390,Semillas y frutos secos
P1160,Lácteos
P2793,Lácteos
P2454,Aseo hogar
P3980,Cereales
P1938,Arroz
P1369,Confitería
02375,Granos
01409,Bebidas
P2469,Aseo hogar
P3222,Condimentos
02752,Confitería
P1862,Frutas y verduras
00987,Licores
01382,Semillas y frutos secos
P3101,Medicamentos
P333,Aseo hogar
01937,Congelados
P3788,Abarrotes
00954,Aseo hogar
02000,Café y sustitutos
P3171,Azúcares y endulzantes
P3051,Condimentos
02662,Confitería
P4277,Aseo hogar
00121,Café y sustitutos
02631,Salsas y aderezos
P3148,Panadería
00767,Panadería
01301,Condimentos
P776,Bebé
P616,Arroz
01763,Bebidas
00386,Café y sustitutos
P2968,Hogar
02128,Aseo hogar
01461,Medicamentos
P1903,Mariscos
P4122,Condimentos
P2050,Cuidado personal
P739,Chocolate
00188,Licores
P2490,Salsas y aderezos
00612,Lácteos
00884,Azúcares y endulzantes
01459,Panadería
00049,Cuidado personal
P4363,Condimentos
02323,Confitería
01901,Aseo hogar
P2391,Cereales
01020,Confitería
00628,Lácteos
P561,Hogar
P734,Lácteos
00108,Medicamentos
01323,Cereales
P2886,Azúcares y endulzantes
P1134,Aseo hogar
02390,Lácteos
02245,Congelados
P2187,Café y sustitutos
P1114,Café y sustitutos
P3558,Licores
00770,Cárnicos
P2337,Bebidas
P2577,Cuidado personal
01733,Semillas y frutos secos
01778,Confitería
00349,Confitería
P3951,Licores
P582,Café y sustitutos
P2339,Azúcares y endulzantes
P1392,Confitería
P489,Condimentos
P3922,Aseo hogar
P2278,Aseo hogar
P3170,Café y sustitutos
P2016,Aseo hogar
P2230,Café y sustitutos
P3874,Panadería
00027,Cuidado personal
01742,Aseo hogar
P689,Café y sustitutos
P2342,Aseo hogar
02015,Aseo hogar
01355,Condimentos
01980,Aceites y sustitutos
00671,Azúcares y endulzantes
P2109,Aceites y sustitutos
01839,Velas y velones
00699,Hogar
02712,Panadería
02729,Aseo hogar
02845,Panadería
P2062,Velas y velones
P2877,Mascotas
P386,Aseo hogar
01141,Confitería
01887,Semillas y frutos secos
P2226,Confitería
02705,Congelados
00546,Aseo hogar
P4384,Panadería
P4537,Bebidas instantáneas
00059,Conservas
P4528,Aceites y sustitutos
00816,Café y sustitutos
00735,Panadería
P306,Aseo hogar
P1920,Mariscos
P1939,Hogar
02533,Semillas y frutos secos
P4503,Condimentos
P3073,Aseo hogar
02388,Semillas y frutos secos
00015,Panadería
P268,Aseo hogar
02327,Hogar
01804,Lácteos
02122,Confitería
P1619,Semillas y frutos secos
P3738,Confitería
P2607,Bebidas
00537,Aseo hogar
01605,Azúcares y endulzantes
P2404,Mascotas
P2247,Aseo hogar
00122,Confitería
P4089,Hogar
01239,Cuidado personal
00838,Confitería
P1422,Cereales
01021,Aceites y sustitutos
P3632,Aceites y sustitutos
P2219,Mariscos
00325,Café y sustitutos
01104,Lácteos
P173,Cuidado personal
P1256,Panadería
P4005,Congelados
P122,Cuidado personal
P319,Aseo hogar
00953,Hogar
P1305,Licores
01992,Cárnicos
P4290,Cuidado personal
P4478,Aseo hogar
P2069,Licores
P4095,Confitería
P3763,Azúcares y endulzantes
P2431,Semillas y frutos secos
P2271,Aseo hogar
P2623,Hogar
00393,Velas y velones
P1342,Confitería
00392,Velas y velones
P1723,Cuidado personal
P240,Semillas y frutos secos
P3078,Cárnicos
P4001,Lácteos
00996,Hogar
P165,Cuidado personal
02123,Salsas y aderezos
00208,Chocolate
P3964,Confitería
02411,Aseo hogar
P2221,Aseo hogar
P377,Aseo hogar
01867,Cuidado personal
02416,Lácteos
P494,Azúcares y endulzantes
P1636,Confitería
02459,Aseo hogar
P1637,Confitería
00395,Cárnicos
02250,Mascotas
P1710,Medicamentos
P1203,Bebidas
01771,Aseo hogar
P3673,Conservas
P62,Cuidado personal
01817,Aseo hogar
01683,Salsas y aderezos
P2768,Mascotas
P1121,Aseo hogar
00574,Mascotas
P4373,Hogar
01958,Hogar
P3198,Aseo hogar
02377,Cuidado personal
P2631,Aceites y sustitutos
01848,Chocolate
01215,Cuidado personal
00524,Arroz
P3546,Aseo hogar
P181,Cuidado personal
P3249,Frutas y verduras
01083,Aseo hogar
01603,Cárnicos
P1128,Aseo hogar
P1309,Licores
02177,Bebidas
P1575,Salsas y aderezos
P2018,Aseo hogar
P2896,Cuidado personal
P2463,Café y sustitutos
00914,Aseo hogar
P2449,Aseo hogar
P2538,Bebidas
P575,Aceites y sustitutos
P668,Café y sustitutos
01672,Chocolate
01091,Chocolate
P1080,Aseo hogar
P524,Aceites y sustitutos
P1039,Cuidado personal
P1413,Harinas
P293,Aseo hogar
P4671,Hogar
P1163,Cuidado personal
P3833,Lácteos
01653,Cuidado personal
P4462,Medicamentos
P3165,Mascotas
01495,Frutas y verduras
02860,Medicamentos
P2694,Granos
P3451,Chocolate
P339,Aseo hogar
00219,Cuidado personal
00828,Panadería
P2159,Mariscos
P4015,Hogar
00691,Arroz
02602,Salsas y aderezos
01654,Bebidas
P1552,Salsas y aderezos
00777,Café y sustitutos
P1582,Velas y velones
P3720,Aseo hogar
P518,Mariscos
P340,Aseo hogar
00674,Café y sustitutos
P201,Aseo hogar
01938,Congelados
P3120,Chocolate
01223,Repostería
00533,Confitería
02819,Confitería
P4265,Confitería
P3188,Condimentos
P2943,Aseo hogar
P1178,Repostería
02473,Lácteos
01687,Cárnicos
P1789,Panadería
P738,Lácteos
P2763,Lácteos
P330,Aseo hogar
02060,Mascotas
P3813,Confitería
P3941,Bebidas instantáneas
01372,Lácteos
02079,Aseo hogar
P272,Aseo hogar
P2933,Aseo hogar
P2103,Mariscos
02599,Aseo hogar
00267,Bebidas instantáneas
00834,Hogar
P2903,Velas y velones
P2963,Salsas y aderezos
P3609,Medicamentos
P925,Congelados
P2650,Aseo hogar
P1249,Panadería
P3182,Lácteos
01085,Aseo hogar
P1604,Mariscos
01506,Cuidado personal
00722,Salsas y aderezos
01023,Panadería
P4464,Aseo hogar
02149,Avícola
P357,Aseo hogar
01950,Aseo hogar
01078,Panadería
P4358,Aseo hogar
00855,Panadería
02256,Panadería
P2068,Hogar
00206,Chocolate
01267,Aseo hogar
P3001,Panadería
00200,Panadería
02102,Aceites y sustitutos
01098,Condimentos
P3346,Cuidado personal
P4327,Confitería
P371,Aseo hogar
P1100,Aseo hogar
01203,Cuidado personal
P3532,Cuidado personal
P4026,Aseo hogar
P2628,Lácteos
P2328,Licores
P4334,Café y sustitutos
01271,Panadería
01240,Cuidado personal
P4352,Aseo hogar
P728,Chocolate
01017,Salsas y aderezos
02041,Panadería
P2406,Semillas y frutos secos
P1318,Panadería
P745,Lácteos
P2256,Aseo hogar
01951,Aseo hogar
P2701,Panadería
00806,Mascotas
P199,Aseo hogar
P358,Aseo hogar
P535,Granos
P1276,Licores
00454,Cereales
01775,Confitería
P2129,Salsas y aderezos
P4561,Aseo hogar
01165,Mascotas
P68,Café y sustitutos
P2633,Aceites y sustitutos
P3177,Lácteos
P343,Aseo hogar
00279,Aseo hogar
P2964,Cuidado personal
P3831,Confitería
P2586,Aseo hogar
P2314,Licores
P2686,Lácteos
P4695,Aseo hogar
00632,Confitería
P568,Aceites y sustitutos
P2457,Lácteos
02482,Lácteos
P2369,Aseo hogar
P2056,Bebé
P3721,Aseo hogar
P1477,Condimentos
02014,Aseo hogar
01829,Panadería
01305,Aseo hogar
P3742,Cuidado personal
P57,Cuidado personal
P1687,Medicamentos
P590,Aceites y sustitutos
01711,Arroz
02761,Confitería
P3674,Conservas
P4386,Aseo hogar
P3714,Aseo hogar
P2110,Salsas y aderezos
P4351,Aseo hogar
01171,Aseo hogar
P4568,Confitería
00025,Salsas y aderezos
P3948,Confitería
P1942,Hogar
P563,Lácteos
P388,Aseo hogar
P2835,Semillas y frutos secos
00017,Conservas
P4418,Confitería
P1975,Cuidado personal
P2455,Aseo hogar
P2676,Repostería
P2102,Mariscos
02611,Panadería
P1122,Aseo hogar
P457,Hogar
P4506,Confitería
P2077,Café y sustitutos
P3797,Confitería
01276,Azúcares y endulzantes
P2813,Panadería
P4427,Lácteos
P1934,Lácteos
P693,Café y sustitutos
00757,Chocolate
P2022,Aseo hogar
00903,Aseo hogar
P367,Aseo hogar
P3100,Aseo hogar
P933,Hogar
00667,Cuidado personal
P571,Aseo hogar
02374,Aceites y sustitutos
P1161,Condimentos
P727,Chocolate
P2209,Cárnicos
P2053,Medicamentos
01854,Lácteos
02192,Medicamentos
P403,Aseo hogar
P2254,Aseo hogar
00320,Lácteos
P2384,Panadería
P587,Aceites y sustitutos
00877,Panadería
P4602,Mascotas
P3374,Hogar
P3403,Aceites y sustitutos
02083,Aseo hogar
02131,Aseo hogar
P4333,Azúcares y endulzantes
P1679,Hogar
P1023,Cuidado personal
P2574,Aseo hogar
01931,Arroz
P177,Cuidado personal
02001,Frutas y verduras
01591,Salsas y aderezos
00263,Panadería
01515,Cuidado personal
P3939,Bebidas
P1705,Medicamentos
P3897,Cuidado personal
00061,Cuidado personal
P2973,Cárnicos
P1295,Licores
01186,Aseo hogar
P2316,Medicamentos
01099,Condimentos
P813,Confitería
P1702,Medicamentos
01472,Bebé
P77,Cuidado personal
00218,Lácteos
P3378,Cuidado personal
P474,Azúcares y endulzantes
02391,Lácteos
P2420,Cárnicos
P1816,Frutas y verduras
P1307,Licores
00177,Aseo hogar
01990,Bebidas
01147,Cereales
00541,Aceites y sustitutos
P2514,Aceites y sustitutos
02345,Aseo hogar
P63,Cuidado personal
01182,Cuidado personal
P3508,Condimentos
00526,Conservas
02652,Azúcares y endulzantes
P2458,Panadería
00361,Mascotas
P521,Aceites y sustitutos
P303,Aseo hogar
P4068,Cuidado personal
02571,Lácteos
P3907,Confitería
02654,Azúcares y endulzantes
00458,Bebidas
P2932,Cárnicos
P396,Hogar
01132,Aceites y sustitutos
P3940,Bebidas instantáneas
P3918,Chocolate
00503,Licores
P1579,Salsas y aderezos
01757,Hogar
00511,Panadería
01802,Confitería
01800,Panadería
01885,Aseo hogar
P3016,Cuidado personal
P4733,Aseo hogar
01651,Cuidado personal
P274,Aseo hogar
P548,Aceites y sustitutos
P3790,Cuidado personal
P3000,Panadería
01646,Bebé
P2641,Confitería
02152,Aseo hogar
P4390,Confitería
P378,Aseo hogar
02344,Aseo hogar
P2971,Condimentos
P2567,Hogar
P545,Aceites y sustitutos
01048,Semillas y frutos secos
P3387,Cárnicos
P2564,Aseo hogar
01832,Hogar
02679,Aseo hogar
02697,Bebidas
00140,Cárnicos
02227,Lácteos
01726,Mascotas
00818,Aseo hogar
P1399,Confitería
P4489,Panadería
P2942,Bebidas
02023,Velas y velones
P1499,Condimentos
02699,Bebidas instantáneas
02879,Chocolate
00092,Aseo hogar
00042,Conservas
01421,Mascotas
P3361,Bebidas
P153,Cuidado personal
P2801,Hogar
P2847,Aseo hogar
P1981,Mascotas
01764,Confitería
00457,Bebidas
01847,Chocolate
01765,Semillas y frutos secos
P3944,Panadería
P4485,Cuidado personal
P4039,Cuidado personal
P1075,Aseo hogar
P314,Aseo hogar
P4032,Lácteos
P397,Hogar
02118,Bebidas
P1164,Lácteos
00354,Aseo hogar
P85,Cuidado personal
P1311,Licores
P2340,Hogar
P725,Bebidas instantáneas
P1569,Salsas y aderezos
P897,Lácteos
P4079,Aseo hogar
P4269,Condimentos
00145,Bebidas
P633,Arroz
P1496,Condimentos
P558,Aceites y sustitutos
P1355,Confitería
00202,Harinas
P2031,Cuidado personal
P3756,Aseo hogar
00477,Cereales
P2530,Aseo hogar
P644,Arroz
P4176,Licores
P221,Aseo hogar
P4525,Cuidado personal
P4331,Condimentos
02044,Confitería
02124,Aseo hogar
00915,Mariscos
P2651,Aseo hogar
P1468,Harinas
00588,Aceites y sustitutos
P2670,Conservas
P1176,Velas y velones
P3404,Conservas
P3637,Café y sustitutos
P458,Hogar
P850,Cárnicos
P702,Café y sustitutos
01027,Aseo hogar
01949,Aseo hogar
P1928,Chocolate
01011,Hogar
P570,Aceites y sustitutos
P376,Aseo hogar
P801,Confitería
01704,Lácteos
01869,Café y sustitutos
P151,Cuidado personal
02728,Aseo hogar
00870,Repostería
P404,Aseo hogar
P4189,Bebé
P4688,Licores
P3710,Café y sustitutos
00475,Cereales
P1883,Aseo hogar
00748,Lácteos
P331,Aseo hogar
02423,Salsas y aderezos
00536,Aseo hogar
P109,Cuidado personal
P113,Medicamentos
P3138,Condimentos
01792,Aseo hogar
P2593,Cuidado personal
P1537,Salsas y aderezos
02551,Condimentos
P726,Bebidas instantáneas
P3878,Cuidado personal
02692,Aseo hogar
P1978,Aseo hogar
P962,Aseo hogar
P3513,Confitería
P1062,Licores
P1602,Mariscos
P318,Aseo hogar
P3960,Licores
P4617,Aceites y sustitutos
01126,Mascotas
00781,Hogar
01684,Salsas y aderezos
01274,Panadería
02759,Mariscos
00277,Aseo hogar
02167,Salsas y aderezos
P2002,Mariscos
P431,Congelados
P2407,Panadería
00631,Confitería
01836,Confitería
00091,Mascotas
P3880,Confitería
P351,Aseo hogar
02292,Cárnicos
P3945,Lácteos
00778,Café y sustitutos
01877,Mascotas
P3496,Azúcares y endulzantes
P706,Café y sustitutos
P4728,Arroz
01473,Mascotas
P2030,Aseo hogar
P565,Semillas y frutos secos
02076,Confitería
P1354,Aseo hogar
P3817,Lácteos
P1149,Aseo hogar
P1045,Bebé
P3711,Panadería
P2816,Café y sustitutos
P4170,Hogar
02099,Panadería
P1102,Bebidas
00802,Aseo hogar
P3872,Aseo hogar
P1933,Aseo hogar
01706,Chocolate
P936,Hogar
02470,Lácteos
P4699,Confitería
P1531,Salsas y aderezos
02050,Lácteos
02326,Cuidado personal
P1147,Aseo hogar
P694,Café y sustitutos
P1775,Panadería
P3473,Panadería
P1157,Repostería
P4626,Bebé
00058,Conservas
P2741,Licores
P2417,Aseo hogar
P3667,Aseo hogar
P3438,Cuidado personal
01592,Salsas y aderezos
P1011,Aseo hogar
02343,Aseo hogar
02100,Bebé
01516,Cuidado personal
P654,Cárnicos
P3585,Panadería
P3631,Panadería
P920,Cárnicos
02421,Confitería
01300,Aseo hogar
01960,Confitería
P2951,Café y sustitutos
P3129,Cuidado personal
P3409,Aseo hogar
P1315,Cereales
02438,Azúcares y endulzantes
P2312,Panadería
00871,Bebidas instantáneas
02265,Frutas y verduras
P1563,Salsas y aderezos
P643,Arroz
P118,Cuidado personal
01094,Cuidado personal
01826,Aceites y sustitutos
P4151,Cuidado personal
P82,Cuidado personal
P955,Hogar
P2447,Hogar
P2669,Lácteos
00139,Mascotas
P2378,Hogar
P1677,Aceites y sustitutos
P92,Medicamentos
01133,Café y sustitutos
P3764,Café y sustitutos
P3466,Aseo hogar
P978,Licores
01585,Panadería
01082,Aseo hogar
P3715,Aseo hogar
00088,Confitería
00093,Aseo hogar
02753,Panadería
01588,Cereales
P2609,Bebidas
01830,Confitería
02107,Cuidado personal
02059,Mariscos
P4500,Condimentos
P129,Cuidado personal
P2138,Semillas y frutos secos
01181,Cuidado personal
P1522,Velas y velones
P573,Aceites y sustitutos
P2225,Café y sustitutos
P2531,Hogar
01074,Panadería
00804,Mariscos
P4692,Aseo hogar
00909,Arroz
00718,Conservas
P2938,Mascotas
01640,Aseo hogar
P1515,Velas y velones
P3892,Aseo hogar
P4193,Mariscos
02246,Congelados
00435,Aseo hogar
P3734,Licores
00288,Aceites y sustitutos
02815,Panadería
01858,Aseo hogar
P3498,Aseo hogar
00117,Confitería
02074,Aseo hogar
P4019,Aseo hogar
01367,Aseo hogar
P455,Hogar
P2274,Panadería
P1534,Salsas y aderezos
P782,Aseo hogar
00158,Cuidado personal
01134,Café y sustitutos
P3635,Aseo hogar
P210,Aseo hogar
02141,Salsas y aderezos
01501,Mariscos
01983,Aceites y sustitutos
P2412,Hogar
01812,Condimentos
P434,Mascotas
02776,Bebidas
01344,Salsas y aderezos
P60,Cuidado personal
P2127,Confitería
00343,Cuidado personal
01154,Aseo hogar
01119,Salsas y aderezos
P2659,Hogar
P3522,Café y sustitutos
P4708,Cárnicos
P1125,Cuidado personal
P2215,Harinas
P1419,Salsas y aderezos
01567,Cereales
P2590,Aseo hogar
P4539,Aceites y sustitutos
P4618,Aceites y sustitutos
P3515,Lácteos
P1688,Condimentos
02429,Bebidas
02241,Confitería
P1020,Cuidado personal
P212,Cuidado personal
P3659,Panadería
P4347,Condimentos
P3080,Azúcares y endulzantes
P771,Harinas
P2672,Medicamentos
P430,Aseo hogar
P1991,Aseo hogar
02839,Mariscos
02859,Aseo hogar
P3449,Medicamentos
00839,Hogar
00572,Mascotas
P3993,Condimentos
P1364,Confitería
00780,Aceites y sustitutos
P3647,Medicamentos
01474,Repostería
P2565,Confitería
P3608,Medicamentos
P4009,Hogar
02917,Panadería
P1438,Panadería
P2576,Frutas y verduras
P3810,Panadería
P71,Conservas
01041,Licores
P140,Cuidado personal
P4399,Panadería
P3679,Aseo hogar
P3730,Repostería
01175,Aseo hogar
P4273,Hogar
02549,Azúcares y endulzantes
02657,Chocolate
P106,Cuidado personal
P3643,Cuidado personal
P722,Confitería
P945,Aseo hogar
02233,Panadería
P95,Cuidado personal
P4574,Aseo hogar
P1586,Mariscos
P3412,Cárnicos
P348,Aseo hogar
P3616,Café y sustitutos
P1046,Cuidado personal
P550,Aceites y sustitutos
P504,Aceites y sustitutos
P1089,Aseo hogar
01892,Licores
P2051,Aseo hogar
P2423,Cuidado personal
P1458,Cereales
P593,Aceites y sustitutos
P3597,Harinas
01670,Confitería
00830,Repostería
P3684,Mascotas
P3846,Cuidado personal
P2757,Semillas y frutos secos
P1599,Mariscos
P1929,Bebé
P4160,Lácteos
01634,Aseo hogar
02415,Panadería
P4217,Cuidado personal
P2178,Aceites y sustitutos
01220,Confitería
P2934,Cuidado personal
P3591,Hogar
00053,Mariscos
P3735,Licores
P4252,Salsas y aderezos
01493,Bebidas
P523,Aceites y sustitutos
P747,Lácteos
01883,Bebidas
01266,Aseo hogar
P1878,Aseo hogar
02834,Café y sustitutos
P2176,Hogar
P2753,Confitería
P1547,Conservas
P2836,Cuidado personal
P4480,Panadería
P2493,Confitería
P346,Aseo hogar
00212,Chocolate
P3006,Condimentos
P2571,Hogar
P4541,Bebidas
P226,Condimentos
P2242,Aseo hogar
P2939,Harinas
P4209,Confitería
P2107,Panadería
P2037,Bebé
01226,Aseo hogar
00312,Hogar
00522,Salsas y aderezos
02593,Café y sustitutos
P3966,Panadería
02279,Velas y velones
P429,Hogar
P2356,Bebidas
P3587,Condimentos
P2101,Bebé
P1172,Velas y velones
00932,Cuidado personal
01975,Harinas
P56,Cuidado personal
P930,Hogar
01872,Aseo hogar
01378,Confitería
P1255,Cuidado personal
00389,Panadería
02731,Aseo hogar
P3324,Confitería
P2422,Cuidado personal
P86,Cuidado personal
P2269,Cereales
00913,Aseo hogar
P1126,Aseo hogar
P2009,Lácteos
P4569,Harinas
P2017,Aseo hogar
P3037,Cereales
01734,Bebé
P3835,Cuidado personal
P3839,Cuidado personal
P555,Mascotas
P2372,Lácteos
02385,Salsas y aderezos
P4142,Cereales
P3584,Aseo hogar
P1389,Confitería
02886,Hogar
00019,Conservas
P265,Confitería
P2525,Aseo hogar
01745,Hogar
P559,Medicamentos
00689,Cuidado personal
P4385,Mariscos
P3371,Hogar
02866,Frutas y verduras
P3875,Hogar
01420,Confitería
P1994,Arroz
00997,Lácteos
P4267,Cuidado personal
01998,Bebidas
02133,Aseo hogar
01907,Lácteos
00295,Panadería
01999,Panadería
01761,Mascotas
01762,Café y sustitutos
P2762,Cuidado personal
01834,Hogar
P2196,Medicamentos
00754,Hogar
P2113,Aseo hogar
02719,Panadería
P1571,Salsas y aderezos
P2720,Frutas y verduras
02082,Aseo hogar
P3769,Aseo hogar
02198,Aseo hogar
P3968,Aseo hogar
P3732,Aseo hogar
01825,Repostería
00986,Licores
02157,Aseo hogar
P3768,Aseo hogar
02642,Condimentos
P1782,Confitería
02738,Aseo hogar
00866,Lácteos
02187,Harinas
P2324,Aseo hogar
P2723,Hogar
00037,Aseo hogar
P4163,Lácteos
P1146,Aseo hogar
P3477,Mariscos
P1655,Hogar
P2735,Licores
00351,Mariscos
P821,Cárnicos
01293,Aseo hogar
01304,Aseo hogar
P326,Aseo hogar
P3278,Medicamentos
P4153,Panadería
P3957,Licores
00073,Confitería
01590,Aseo hogar
01491,Confitería
P3640,Bebé
00992,Bebidas
P585,Aceites y sustitutos
00668,Café y sustitutos
01913,Conservas
01790,Salsas y aderezos
P1360,Lácteos
00347,Confitería
02696,Aseo hogar
02737,Aseo hogar
01655,Confitería
P64,Cuidado personal
01917,Conservas
01562,Aseo hogar
P2006,Aseo hogar
00331,Licores
P1558,Salsas y aderezos
01341,Salsas y aderezos
00033,Medicamentos
P1973,Lácteos
P2400,Aseo hogar
01922,Confitería
00069,Velas y velones
02179,Chocolate
P41,Cuidado personal
01371,Lácteos
P4146,Cuidado personal
P4162,Lácteos
01277,Café y sustitutos
01346,Salsas y aderezos
P1972,Lácteos
P3550,Hogar
P2731,Licores
P2510,Lácteos
P2649,Aseo hogar
P1372,Aseo hogar
02667,Café y sustitutos
02693,Panadería
00868,Cuidado personal
01947,Hogar
P4739,Lácteos
01560,Hogar
P2057,Lácteos
02442,Mariscos
P1101,Aseo hogar
01768,Cuidado personal
P2424,Salsas y aderezos
01350,Mascotas
P2021,Aseo hogar
P4071,Lácteos
P4004,Condimentos
02219,Aseo hogar
01137,Confitería
02666,Café y sustitutos
P4292,Bebidas
P401,Aseo hogar
P4719,Salsas y aderezos
00205,Chocolate
01430,Aseo hogar
P47,Cuidado personal
P3690,Cárnicos
01201,Congelados
P1922,Salsas y aderezos
P3547,Aseo hogar
00730,Cuidado personal
02750,Aseo hogar
02856,Panadería
P3901,Panadería
P1124,Cuidado personal
00247,Hogar
P409,Café y sustitutos
P4235,Aseo hogar
02111,Cuidado personal
P2046,Aseo hogar
P2301,Aseo hogar
P2144,Bebé
P4583,Licores
01429,Aseo hogar
01788,Panadería
P1216,Cuidado personal
02609,Confitería
P4159,Bebidas
P2398,Bebidas
P294,Aseo hogar
P460,Hogar
P2419,Aseo hogar
P270,Aseo hogar
P456,Hogar
P61,Cuidado personal
01663,Bebé
P775,Harinas
P1745,Bebé
00843,Aseo hogar
P577,Aceites y sustitutos
P4266,Hogar
P2915,Cuidado personal
02757,Panadería
P3877,Conservas
02457,Harinas
P4080,Aseo hogar
P4161,Lácteos
00324,Bebé
P4042,Bebidas
P4637,Aceites y sustitutos
02350,Lácteos
00038,Aseo hogar
P2371,Aseo hogar
P4456,Aseo hogar
01482,Licores
P3848,Cuidado personal
P4339,Cuidado personal
00561,Azúcares y endulzantes
P2095,Confitería
P355,Aseo hogar
P3428,Aceites y sustitutos
00874,Licores
P816,Lácteos
02393,Bebidas
P130,Confitería
P895,Salsas y aderezos
P2082,Chocolate
02184,Café y sustitutos
P3698,Hogar
P3351,Cuidado personal
P4021,Medicamentos
00210,Chocolate
P246,Aseo hogar
02474,Lácteos
01736,Cuidado personal
00591,Hogar
P1548,Conservas
P1041,Bebé
01107,Velas y velones
01680,Bebidas
00930,Cereales
01205,Hogar
P1533,Condimentos
00103,Cuidado personal
P3683,Cuidado personal
02165,Cárnicos
01096,Aseo hogar
P1327,Panadería
02503,Mascotas
P2542,Café y sustitutos
02694,Bebidas
01235,Aseo hogar
P4704,Confitería
P1141,Congelados
P3163,Hogar
00948,Semillas y frutos secos
P2865,Cereales
P2863,Aseo hogar
P3675,Conservas
1986,Aseo hogar
01013,Café y sustitutos
00154,Hogar
00917,Aseo hogar
00765,Repostería
01299,Aseo hogar
00497,Café y sustitutos
00672,Azúcares y endulzantes
P3124,Medicamentos
P3934,Aseo hogar
P4488,Panadería
P4448,Panadería
01853,Lácteos
P1580,Salsas y aderezos
P1279,Licores
P1551,Azúcares y endulzantes
01936,Licores
P4014,Café y sustitutos
00876,Chocolate
P4236,Salsas y aderezos
P4131,Cuidado personal
P4315,Aseo hogar
02113,Lácteos
P1013,Aseo hogar
P3214,Lácteos
P328,Aseo hogar
P1662,Medicamentos
P4460,Aseo hogar
P4204,Café y sustitutos
P338,Aseo hogar
P3582,Lácteos
01779,Aseo hogar
P3485,Cuidado personal
01873,Salsas y aderezos
00193,Medicamentos
00666,Semillas y frutos secos
P3140,Semillas y frutos secos
02587,Café y sustitutos
02481,Lácteos
P1539,Salsas y aderezos
P1310,Licores
P1340,Confitería
00070,Aseo hogar
00970,Aseo hogar
01335,Arroz
P2952,Café y sustitutos
P2332,Conservas
01797,Confitería
00613,Hogar
P815,Bebé
P2726,Aseo hogar
00484,Licores
01794,Bebidas
P325,Aseo hogar
P1908,Aseo hogar
P2677,Salsas y aderezos
P3164,Mascotas
00014,Confitería
P2652,Aseo hogar
P3266,Cuidado personal
P48,Cuidado personal
P2496,Lácteos
P1559,Salsas y aderezos
01093,Aseo hogar
P2575,Aseo hogar
P4681,Aseo hogar
00173,Aseo hogar
00547,Aseo hogar
P3256,Chocolate
02852,Panadería
00823,Cereales
P3607,Aseo hogar
00695,Panadería
P1339,Confitería
00012,Aseo hogar
00129,Velas y velones
01946,Licores
00593,Aseo hogar
P2771,Licores
P2034,Harinas
P4314,Lácteos
01122,Aseo hogar
01798,Medicamentos
00046,Aseo hogar
P3971,Semillas y frutos secos
02126,Arroz
P659,Chocolate
P3824,Confitería
01688,Cárnicos
P2663,Confitería
P1882,Salsas y aderezos
P2589,Aseo hogar
P1536,Cárnicos
P3110,Confitería
00314,Lácteos
P69,Café y sustitutos
P4310,Aseo hogar
P4190,Mariscos
P187,Bebidas instantáneas
P2702,Panadería
P3969,Conservas
P1511,Condimentos
00502,Aseo hogar
02134,Velas y velones
P3884,Hogar
P1373,Confitería
01006,Licores
P1061,Aseo hogar
P4182,Hogar
P4527,Aseo hogar
P3499,Aseo hogar
P4421,Chocolate
P4270,Condimentos
P1503,Cárnicos
02485,Lácteos
01204,Hogar
P2222,Café y sustitutos
P2228,Hogar
00715,Aseo hogar
P3367,Panadería
P3036,Cuidado personal
P526,Granos
00006,Panadería
P2578,Aceites y sustitutos
P3623,Semillas y frutos secos
P2155,Cuidado personal
01363,Aseo hogar
P1286,Licores
00509,Panadería
P4374,Bebé
P1505,Condimentos
01149,Aseo hogar
P3746,Condimentos
P576,Mascotas
P352,Cuidado personal
P1540,Salsas y aderezos
P1111,Semillas y frutos secos
P2972,Condimentos
P1245,Panadería
P3577,Aseo hogar
P4515,Licores
P3136,Bebidas
02540,Lácteos
00651,Aseo hogar
01831,Hogar
P3398,Hogar
P1506,Salsas y aderezos
02588,Café y sustitutos
P2993,Condimentos
01231,Aseo hogar
P4133,Azúcares y endulzantes
P652,Chocolate
P1313,Licores
P2528,Aseo hogar
00872,Cuidado personal
00248,Hogar
02146,Cuidado personal
P3334,Confitería
01498,Aseo hogar
P3885,Hogar
01172,Aseo hogar
02471,Lácteos
P4253,Salsas y aderezos
02173,Café y sustitutos
01035,Cereales
02864,Aseo hogar
02430,Condimentos
01256,Salsas y aderezos
02440,Mariscos
P3713,Aseo hogar
P3589,Lácteos
P366,Cuidado personal
00753,Repostería
P1326,Panadería
P4268,Cuidado personal
01391,Conservas
P1545,Salsas y aderezos
P3147,Aseo hogar
00245,Hogar
P676,Café y sustitutos
P2161,Harinas
02818,Panadería
00827,Confitería
P3287,Salsas y aderezos
02461,Hogar
01861,Mascotas
P4130,Cuidado personal
01441,Cuidado personal
P1538,Conservas
P4565,Panadería
P3520,Salsas y aderezos
02436,Café y sustitutos
P3272,Aceites y sustitutos
P553,Condimentos
P3827,Confitería
P126,Lácteos
02583,Harinas
P1940,Lácteos
00143,Hogar
P3285,Medicamentos
00999,Velas y velones
00947,Semillas y frutos secos
P394,Aseo hogar
P3450,Azúcares y endulzantes
P223,Aseo hogar
P4721,Aseo hogar
P3854,Condimentos
00065,Aseo hogar
00278,Aseo hogar
P1912,Aseo hogar
P1283,Licores
P675,Café y sustitutos
P220,Aseo hogar
P3812,Aseo hogar
01152,Cuidado personal
P3305,Aseo hogar
P4461,Aseo hogar
P4715,Aseo hogar
02463,Confitería
P3718,Cereales
P580,Aceites y sustitutos
P2965,Confitería
P2734,Café y sustitutos
P3082,Lácteos
P284,Aseo hogar
P2766,Aseo hogar
02732,Aseo hogar
P4584,Panadería
02870,Salsas y aderezos
P1357,Confitería
00436,Café y sustitutos
01708,Panadería
P131,Cuidado personal
00916,Aseo hogar
P2373,Hogar
P2662,Confitería
P4145,Cereales
P3985,Licores
P4598,Azúcares y endulzantes
P3612,Aseo hogar
P3244,Cuidado personal
02645,Condimentos
P3103,Bebidas
P2988,Panadería
00387,Lácteos
P3207,Cuidado personal
00747,Lácteos
P4698,Lácteos
00775,Cárnicos
P3083,Aseo hogar
01773,Aseo hogar
00911,Aseo hogar
P4293,Mariscos
P1501,Condimentos
00174,Aseo hogar
P4449,Condimentos
P581,Aceites y sustitutos
P4491,Aseo hogar
P2646,Salsas y aderezos
P3187,Condimentos
P2831,Licores
P3448,Licores
00313,Lácteos
01218,Aseo hogar
P3455,Licores
02452,Cuidado personal
P2216,Semillas y frutos secos
00652,Aseo hogar
01364,Confitería
P1872,Frutas y verduras
P1380,Semillas y frutos secos
P1666,Aseo hogar
00594,Aseo hogar
P54,Cuidado personal
P4417,Confitería
00960,Café y sustitutos
00864,Licores
P43,Cuidado personal
P4644,Cuidado personal
P4694,Aseo hogar
P3779,Cuidado personal
P3942,Confitería
P152,Cuidado personal
02007,Cuidado personal
02424,Salsas y aderezos
01880,Hogar
00322,Licores
00773,Cárnicos
P720,Café y sustitutos
P4426,Lácteos
P1554,Salsas y aderezos
01476,Conservas
00228,Cuidado personal
01426,Salsas y aderezos
P380,Aseo hogar
P3861,Cuidado personal
P3044,Cuidado personal
P4616,Cuidado personal
P3562,Aseo hogar
02480,Lácteos
P2712,Bebidas
02575,Cuidado personal
02322,Confitería
P1527,Salsas y aderezos
01707,Café y sustitutos
02665,Café y sustitutos
P3886,Licores
01630,Panadería
02837,Cuidado personal
P3262,Bebidas
P3791,Cuidado personal
P1747,Cuidado personal
02063,Aseo hogar
P5,Cuidado personal
P707,Café y sustitutos
P2953,Aseo hogar
P2798,Cuidado personal
01793,Aseo hogar
00434,Aseo hogar
P2134,Cuidado personal
P1709,Medicamentos
P4582,Licores
00708,Lácteos
01650,Cuidado personal
01808,Aseo hogar
P4319,Cárnicos
01263,Panadería
01127,Aseo hogar
P2895,Cuidado personal
01939,Aseo hogar
P3932,Lácteos
P2719,Hogar
02318,Licores
P4043,Cuidado personal
00031,Aseo hogar
P3325,Café y sustitutos
01342,Salsas y aderezos
P2746,Panadería
P2707,Mascotas
P2969,Aceites y sustitutos
02479,Lácteos
P2253,Salsas y aderezos
00988,Licores
P59,Cuidado personal
P4496,Semillas y frutos secos
P172,Cuidado personal
P4566,Aseo hogar
P194,Aseo hogar
02639,Aseo hogar
P2640,Condimentos
P305,Aseo hogar
P2072,Conservas
P1553,Salsas y aderezos
01787,Lácteos
P2000,Aseo hogar
P3023,Cuidado personal
P4508,Bebé
P2140,Panadería
P1954,Mariscos
P299,Aseo hogar
P2276,Cuidado personal
02283,Condimentos
P3656,Hogar
P814,Aseo hogar
P3481,Aseo hogar
00472,Aseo hogar
P551,Mascotas
P3908,Aseo hogar
P2061,Arroz
P1874,Aseo hogar
01436,Condimentos
P2532,Cuidado personal
P4447,Cuidado personal
00507,Cárnicos
P4376,Cuidado personal
P1529,Salsas y aderezos
P4702,Cárnicos
P690,Café y sustitutos
P939,Hogar
P4398,Salsas y aderezos
00921,Licores
P273,Aseo hogar
00729,Hogar
P3108,Cereales
P3408,Aseo hogar
01740,Aceites y sustitutos
00163,Aseo hogar
P1525,Salsas y aderezos
00963,Arroz
02625,Licores
P2338,Bebé
02734,Aseo hogar
02760,Aceites y sustitutos
P1968,Aseo hogar
P4613,Hogar
01755,Bebidas
P1864,Frutas y verduras
01766,Aseo hogar
P3853,Mariscos
P3931,Granos
01955,Bebidas
02321,Confitería
P4206,Licores
P2725,Cuidado personal
02284,Cuidado personal
P2444,Lácteos
P599,Salsas y aderezos
P969,Cuidado personal
P452,Hogar
P1610,Mariscos
02230,Salsas y aderezos
01269,Confitería
P2150,Medicamentos
01480,Licores
P4370,Aseo hogar
P4713,Salsas y aderezos
01264,Condimentos
02307,Café y sustitutos
P3131,Cuidado personal
00858,Panadería
P2218,Semillas y frutos secos
01870,Café y sustitutos
P4454,Café y sustitutos
P4323,Hogar
P70,Bebé
P3435,Aseo hogar
P3175,Licores
P1530,Salsas y aderezos
P1107,Hogar
P2432,Cereales
P2811,Hogar
P3557,Hogar
P3847,Aseo hogar
02628,Bebidas
P3645,Aseo hogar
00044,Cuidado personal
P2704,Panadería
P2554,Aseo hogar
P2703,Panadería
01578,Repostería
P621,Arroz
00003,Aseo hogar
00022,Café y sustitutos
00647,Cereales
P38,Cuidado personal
00249,Hogar
P772,Harinas
01536,Cárnicos
P4103,Condimentos
00644,Congelados
P1555,Salsas y aderezos
00883,Aseo hogar
01741,Aseo hogar
00280,Aseo hogar
P1240,Panadería
P804,Confitería
02419,Anchetas
00264,Cuidado personal
P3111,Hogar
P1197,Repostería
01407,Aseo hogar
P4630,Aseo hogar
P3615,Lácteos
P1361,Café y sustitutos
00353,Mascotas
P1719,Aseo hogar
02472,Lácteos
01561,Repostería
02450,Hogar
P1123,Aseo hogar
01061,Aseo hogar
P1535,Cárnicos
P1542,Aseo hogar
P3687,Aseo hogar
02740,Confitería
P2666,Aseo hogar
01952,Cuidado personal
00016,Café y sustitutos
P3962,Licores
00165,Aseo hogar
P2770,Licores
P4672,Conservas
P1887,Conservas
02317,Licores
01445,Hogar
01681,Cárnicos
P2399,Aseo hogar
P984,Licores
P1528,Salsas y aderezos
P542,Cuidado personal
01320,Aseo hogar
01216,Hogar
P4545,Condimentos
P4045,Aseo hogar
P1300,Licores
00548,Bebé
02643,Condimentos
00066,Condimentos
02867,Condimentos
P3380,Cuidado personal
02443,Aceites y sustitutos
00246,Hogar
02080,Aseo hogar
P2921,Aceites y sustitutos
P2073,Conservas
P794,Licores
P2007,Café y sustitutos
P3663,Cuidado personal
P3761,Panadería
P951,Hogar
P4149,Cereales
01033,Aseo hogar
00809,Semillas y frutos secos
P4729,Arroz
P1976,Harinas
02397,Aseo hogar
02201,Arroz
P946,Aseo hogar
P2979,Hogar
P2440,Aseo hogar
02822,Aseo hogar
02877,Licores
P934,Hogar
P4008,Salsas y aderezos
P770,Conservas
02243,Confitería
P200,Aseo hogar
P1077,Cuidado personal
P3304,Aseo hogar
P4534,Aseo hogar
P2446,Condimentos
P67,Cuidado personal
P1607,Hogar
P2116,Licores
P1132,Aseo hogar
P291,Aseo hogar
01676,Hogar
P4394,Cuidado personal
P3814,Confitería
P2047,Cuidado personal
02883,Chocolate
01628,Lácteos
01580,Licores
02286,Confitería
P1886,Conservas
P4291,Cuidado personal
P719,Café y sustitutos
00985,Aseo hogar
02288,Confitería
00055,Cuidado personal
00024,Semillas y frutos secos
01874,Salsas y aderezos
P1293,Licores
P4073,Bebidas
P368,Aseo hogar
P2345,Hogar
P3881,Aseo hogar
02033,Velas y velones
02646,Aseo hogar
P691,Café y sustitutos
02148,Arroz
02774,Mariscos
02789,Aseo hogar
02880,Semillas y frutos secos
P4205,Café y sustitutos
P4074,Repostería
P1044,Bebé
P3107,Aseo hogar
P65,Velas y velones
P410,Aseo hogar
02394,Bebidas
P2487,Cuidado personal
01986,Hogar
02197,Café y sustitutos
P3125,Chocolate
00887,Cuidado personal
P209,Aseo hogar
P4213,Cuidado personal
01123,Aseo hogar
P3494,Cuidado personal
P3622,Confitería
01388,Aseo hogar
00633,Hogar
P2071,Confitería
02764,Confitería
02827,Panadería
P4614,Panadería
P4010,Hogar
00565,Bebidas
P320,Aseo hogar
P2239,Aseo hogar
P3223,Medicamentos
P3704,Café y sustitutos
P2920,Condimentos
00617,Lácteos
P3686,Panadería
01213,Panadería
01694,Cuidado personal
01463,Medicamentos
P4383,Cuidado personal
00863,Confitería
00539,Cuidado personal
P3221,Bebé
00798,Aseo hogar
P4054,Lácteos
P4683,Cuidado personal
00720,Salsas y aderezos
P1523,Salsas y aderezos
02653,Azúcares y endulzantes
02681,Panadería
00391,Cuidado personal
P4387,Confitería
P1067,Café y sustitutos
02871,Café y sustitutos
P1786,Confitería
P304,Aseo hogar
P4529,Licores
00399,Cárnicos
P116,Cuidado personal
P2961,Cuidado personal
P646,Arroz
P731,Chocolate
P3905,Confitería
P4234,Cuidado personal
P46,Cuidado personal
P2660,Cuidado personal
00619,Confitería
02352,Café y sustitutos
00308,Lácteos
01611,Licores
P3500,Cuidado personal
02054,Aseo hogar
P4181,Cuidado personal
P4632,Aseo hogar
P784,Café y sustitutos
02736,Aseo hogar
00214,Aseo hogar
P3737,Panadería
P4097,Semillas y frutos secos
P2693,Lácteos
P3192,Confitería
01514,Cuidado personal
P4364,Cuidado personal
00684,Arroz
P2344,Cuidado personal
P2326,Licores
P4689,Licores
P4643,Lácteos
P4150,Cuidado personal
P1312,Licores
P4458,Velas y velones
P2041,Hogar
P360,Aseo hogar
P4132,Cuidado personal
P2797,Cuidado personal
P2117,Confitería
P315,Aseo hogar
01465,Aceites y sustitutos
01985,Café y sustitutos
P1030,Cuidado personal
01504,Cuidado personal
P3950,Aseo hogar
02547,Cárnicos
01559,Lácteos
00796,Bebé
P3859,Mariscos
P75,Cuidado personal
02043,Cereales
P3400,Salsas y aderezos
P2688,Lácteos
02716,Confitería
P2775,Licores
P4173,Arroz
02769,Aseo hogar
P849,Cárnicos
P2425,Salsas y aderezos
00414,Licores
P3512,Hogar
P1306,Licores
02016,Aseo hogar
P989,Licores
P4507,Salsas y aderezos
01671,Cárnicos
00271,Mariscos
00832,Café y sustitutos
P4459,Velas y velones
P2224,Aceites y sustitutos
P3701,Cuidado personal
01964,Aseo hogar
P3867,Lácteos
P1119,Aseo hogar
01180,Confitería
00742,Cereales
00531,Mariscos
P3956,Lácteos
P321,Aseo hogar
P2818,Avícola
02580,Aseo hogar
01140,Confitería
02644,Condimentos
P3312,Hogar
02678,Aseo hogar
P4411,Hogar
00365,Azúcares y endulzantes
P1899,Aseo hogar
02895,Café y sustitutos
00462,Confitería
01622,Cárnicos
02295,Aseo hogar
P1977,Licores
P1248,Hogar
P3599,Bebidas
P1284,Licores
00991,Licores
P1831,Frutas y verduras
P4673,Conservas
02195,Medicamentos
P2165,Aseo hogar
P993,Licores
P1891,Aceites y sustitutos
02229,Salsas y aderezos
P1739,Condimentos
01268,Lácteos
02275,Congelados
P3384,Salsas y aderezos
02280,Cereales
P4652,Salsas y aderezos
P1073,Cuidado personal
P3009,Repostería
01571,Café y sustitutos
P932,Hogar
01569,Aseo hogar
P822,Confitería
P1365,Hogar
P686,Lácteos
00473,Mascotas
P4580,Lácteos
P2568,Hogar
01325,Aseo hogar
P2043,Confitería
02767,Confitería
P1054,Aseo hogar
02891,Aseo hogar
01838,Panadería
P591,Aceites y sustitutos
P3341,Bebé
P1894,Aceites y sustitutos
P2177,Cuidado personal
P26,Aseo hogar
P4432,Aseo hogar
P1876,Arroz
P3061,Aseo hogar
01455,Chocolate
P3919,Aseo hogar
P90,Cuidado personal
P1635,Chocolate
P81,Cuidado personal
00618,Confitería
01568,Salsas y aderezos
P988,Licores
P3112,Hogar
P3417,Mariscos
P196,Aseo hogar
P3731,Hogar
00782,Mascotas
P4516,Licores
01084,Aseo hogar
P3337,Semillas y frutos secos
02635,Cuidado personal
02636,Bebidas
01481,Aseo hogar
P1557,Salsas y aderezos
02135,Velas y velones
00372,Anchetas
02861,Confitería
P2453,Hogar
01888,Aceites y sustitutos
00079,Confitería
P2573,Cuidado personal
P2462,Frutas y verduras
P3555,Cárnicos
P1084,Aseo hogar
P16,Cuidado personal
P3682,Aseo hogar
01404,Cuidado personal
P3415,Cuidado personal
02359,Cuidado personal
P2523,Bebidas
P1587,Mariscos
02466,Lácteos
P3106,Café y sustitutos
01210,Bebé
00856,Panadería
02462,Licores
P2569,Hogar
01776,Lácteos
P3293,Cuidado personal
P2044,Cuidado personal
02254,Condimentos
01208,Aseo hogar
02368,Aseo hogar
P258,Aseo hogar
P1937,Aseo hogar
00920,Lácteos
P2410,Azúcares y endulzantes
01001,Repostería
02749,Aseo hogar
02779,Licores
P1056,Hogar
01989,Cárnicos
01824,Cárnicos
P2722,Hogar
P4405,Aseo hogar
P3891,Aseo hogar
P4631,Café y sustitutos
P3771,Licores
P3755,Hogar
P4718,Salsas y aderezos
P4037,Semillas y frutos secos
P2959,Condimentos
00700,Aseo hogar
P817,Aseo hogar
P1594,Mariscos
00336,Cuidado personal
02546,Panadería
01586,Lácteos
P1724,Cuidado personal
P3330,Confitería
P3830,Bebidas
02702,Congelados
02739,Aseo hogar
P3958,Licores
P1441,Mascotas
P3506,Aceites y sustitutos
01475,Confitería
01570,Medicamentos
02185,Licores
P4696,Cereales
01558,Condimentos
P108,Cuidado personal
00447,Cuidado personal
00256,Licores
P1396,Confitería
00859,Panadería
00645,Congelados
P1581,Salsas y aderezos
01875,Cuidado personal
01034,Lácteos
01148,Bebé
P2799,Bebidas
P3375,Cuidado personal
01411,Hogar
00284,Aseo hogar
P4090,Salsas y aderezos
P2370,Aseo hogar
02730,Aseo hogar
02783,Cuidado personal
02787,Cuidado personal
02881,Panadería
01597,Panadería
01024,Licores
P3348,Cuidado personal
00630,Lácteos
P574,Aceites y sustitutos
P160,Cuidado personal
P2416,Repostería
P4135,Cuidado personal
P51,Cuidado personal
P3394,Cuidado personal
P3989,Licores
P1596,Cárnicos
P53,Cuidado personal
01526,Café y sustitutos
00520,Cuidado personal
P2556,Aseo hogar
P2193,Aseo hogar
00144,Hogar
00602,Licores
01130,Congelados
P783,Café y sustitutos
P3137,Confitería
P353,Medicamentos
P80,Cuidado personal
01891,Licores
00525,Cuidado personal
02566,Velas y velones
00441,Anchetas
02351,Lácteos
02632,Mascotas
P3452,Confitería
02199,Arroz
P3391,Café y sustitutos
02672,Café y sustitutos
02677,Chocolate
02701,Congelados
02758,Repostería
00438,Anchetas
P1398,Confitería
P4563,Licores
01392,Aseo hogar
P1088,Aseo hogar
02024,Velas y velones
P3888,Aseo hogar
P4199,Aseo hogar
P4137,Medicamentos
00445,Aseo hogar
P3961,Licores
P3774,Aseo hogar
P2175,Confitería
P2275,Cuidado personal
P197,Aseo hogar
P708,Café y sustitutos
00527,Cuidado personal
02289,Confitería
P66,Cuidado personal
P2394,Condimentos
P3024,Aseo hogar
P2937,Cuidado personal
P407,Aseo hogar
P780,Harinas
01677,Confitería
01458,Aseo hogar
01806,Semillas y frutos secos
P4593,Condimentos
00624,Congelados
02621,Aceites y sustitutos
P102,Cuidado personal
P2305,Licores
P2681,Cuidado personal
02771,Salsas y aderezos
02800,Confitería
P379,Confitería
P182,Cuidado personal
01614,Aceites y sustitutos
01565,Cereales
01238,Aseo hogar
P4431,Aseo hogar
00712,Café y sustitutos
01450,Semillas y frutos secos
P4575,Panadería
P2533,Cuidado personal
00225,Mascotas
00036,Aseo hogar
P2277,Cuidado personal
00925,Cuidado personal
P2644,Frutas y verduras
P134,Confitería
P4748,Lácteos
P4065,Cuidado personal
02542,Lácteos
P4216,Cuidado personal
00622,Cuidado personal
00519,Cuidado personal
02553,Velas y velones
00741,Conservas
00220,Cuidado personal
02046,Confitería
P3099,Salsas y aderezos
P3277,Café y sustitutos
01136,Avícola
00731,Aseo hogar
P2754,Confitería
01297,Bebé
02829,Café y sustitutos
01968,Conservas
P1091,Aseo hogar
00169,Mascotas
02038,Repostería
01484,Lácteos
P3652,Cuidado personal
01069,Cuidado personal
P3363,Aseo hogar
P347,Aseo hogar
00039,Aseo hogar
P2864,Café y sustitutos
P4590,Licores
P2052,Cuidado personal
P4332,Salsas y aderezos
00151,Panadería
02040,Cuidado personal
P749,Chocolate
P3354,Cuidado personal
P33,Cuidado personal
00396,Cárnicos
P4477,Licores
P3275,Semillas y frutos secos
02218,Aseo hogar
02387,Café y sustitutos
P117,Cuidado personal
01974,Lácteos
P3460,Licores
01097,Condimentos
P112,Cuidado personal
P3540,Lácteos
P3034,Semillas y frutos secos
P4297,Confitería
02585,Aseo hogar
P4372,Café y sustitutos
P4481,Condimentos
02727,Aseo hogar
P1103,Aseo hogar
P2008,Cárnicos
P4606,Conservas
P4044,Cuidado personal
P2637,Panadería
00567,Panadería
02103,Cuidado personal
P3264,Cuidado personal
00881,Confitería
P1877,Licores
00229,Café y sustitutos
02437,Salsas y aderezos
01070,Cuidado personal
00853,Mascotas
P3043,Lácteos
P2841,Aseo hogar
01416,Salsas y aderezos
02299,Panadería
P3805,Confitería
P4053,Condimentos
P4136,Cuidado personal
00253,Lácteos
01555,Lácteos
02596,Panadería
01319,Aseo hogar
P433,Mascotas
01944,Hogar
02656,Lácteos
01442,Arroz
02663,Panadería
02695,Aseo hogar
01601,Confitería
02773,Mariscos
P3224,Cuidado personal
P2303,Cuidado personal
P2333,Aseo hogar
00071,Aseo hogar
P1606,Cárnicos
00952,Cuidado personal
02194,Medicamentos
P2557,Cárnicos
02116,Lácteos
02019,Lácteos
P3462,Aseo hogar
02534,Aseo hogar
P2066,Cuidado personal
02541,Aseo hogar
02552,Licores
P1338,Confitería
00510,Aseo hogar
P2086,Lácteos
P3419,Semillas y frutos secos
P1721,Cuidado personal
01633,Café y sustitutos
00608,Hogar
00808,Arroz
P3603,Confitería
01720,Aseo hogar
01674,Semillas y frutos secos
00410,Anchetas
P3504,Cárnicos
P940,Azúcares y endulzantes
02775,Confitería
02810,Frutas y verduras
02832,Avícola
02806,Aseo hogar
02904,Confitería
00889,Cereales
P736,Aceites y sustitutos
01629,Panadería
02455,Cuidado personal
P4450,Cuidado personal
01042,Bebidas
P453,Mascotas
P1577,Salsas y aderezos
02338,Medicamentos
00050,Cuidado personal
P2353,Lácteos
00471,Panadería
01012,Confitería
P4670,Licores
P1424,Lácteos
P4212,Mascotas
P4451,Cuidado personal
00756,Hogar
P189,Salsas y aderezos
01868,Cuidado personal
P2842,Cárnicos
P2874,Café y sustitutos
01871,Cuidado personal
00179,Confitería
P3660,Aseo hogar
02097,Bebidas
01953,Aseo hogar
P3503,Aseo hogar
02358,Frutas y verduras
01485,Aseo hogar
00603,Aceites y sustitutos
P3389,Hogar
P3339,Panadería
P1526,Salsas y aderezos
P4473,Confitería
P192,Aseo hogar
P1600,Condimentos
P4612,Cuidado personal
01738,Semillas y frutos secos
P2910,Cuidado personal
01004,Café y sustitutos
P3355,Cuidado personal
P3109,Café y sustitutos
01735,Cuidado personal
P2740,Licores
01786,Lácteos
P2730,Cuidado personal
P1280,Licores
P1988,Aseo hogar
P2151,Aseo hogar
02537,Aseo hogar
P1605,Cárnicos
01125,Aseo hogar
02504,Cárnicos
P228,Condimentos
P459,Hogar
02601,Arroz
01548,Cárnicos
P2283,Licores
01705,Salsas y aderezos
00721,Aseo hogar
01207,Azúcares y endulzantes
02745,Anchetas
01443,Hogar
P766,Confitería
02804,Mascotas
P2809,Semillas y frutos secos
P4233,Mascotas
P3996,Hogar
P3777,Cuidado personal
P3904,Cuidado personal
P73,Aseo hogar
02151,Aseo hogar
00614,Aseo hogar
01483,Confitería
P3636,Cuidado personal
P99,Cuidado personal
P180,Cuidado personal
00496,Cereales
01962,Semillas y frutos secos
02132,Aseo hogar
P3052,Condimentos
01055,Aseo hogar
00222,Cuidado personal
P569,Condimentos
00110,Licores
02362,Cuidado personal
P149,Cuidado personal
01748,Aseo hogar
P4336,Mascotas
P1291,Licores
02282,Aseo hogar
P4687,Licores
P337,Aseo hogar
02538,Aseo hogar
01000,Cuidado personal
02075,Confitería
02561,Velas y velones
01317,Aseo hogar
P1457,Medicamentos
02620,Lácteos
P10,Aceites y sustitutos
00979,Panadería
02215,Mascotas
02013,Medicamentos
P2948,Lácteos
P3336,Panadería
P2191,Mascotas
01521,Salsas y aderezos
02863,Café y sustitutos
P4389,Confitería
P2204,Bebidas
P746,Lácteos
00142,Aseo hogar
P356,Café y sustitutos
01899,Salsas y aderezos
P229,Confitería
00585,Cuidado personal
01842,Bebidas
01618,Café y sustitutos
01321,Cuidado personal
P1603,Confitería
P744,Lácteos
00990,Licores
01032,Aseo hogar
P4635,Aceites y sustitutos
P546,Cuidado personal
P1421,Cereales
P3350,Aseo hogar
P3617,Cereales
P3291,Aseo hogar
P3490,Cuidado personal
02047,Cuidado personal
P3869,Cuidado personal
P4230,Condimentos
00359,Panadería
P3068,Azúcares y endulzantes
01192,Aseo hogar
02664,Cuidado personal
00293,Confitería
00296,Semillas y frutos secos
02735,Aseo hogar
P4608,Harinas
00407,Anchetas
01722,Lácteos
01632,Anchetas
02885,Café y sustitutos
02887,Aseo hogar
01943,Panadería
P4490,Velas y velones
02209,Cuidado personal
P3240,Lácteos
00203,Harinas
00584,Licores
P123,Cuidado personal
P2846,Hogar
P4610,Cuidado personal
02071,Conservas
P1753,Confitería
P3307,Hogar
02360,Cuidado personal
P4294,Mascotas
P218,Bebé
P3974,Aseo hogar
01664,Cuidado personal
P1524,Salsas y aderezos
P3775,Cuidado personal
01606,Cuidado personal
P88,Cuidado personal
P805,Condimentos
01595,Confitería
00975,Bebé
P1701,Medicamentos
P1228,Panadería
00424,Aseo hogar
P3510,Café y sustitutos
P3318,Aseo hogar
P712,Confitería
02494,Cárnicos
00704,Aseo hogar
02499,Confitería
P4060,Cuidado personal
P3482,Aseo hogar
00734,Café y sustitutos
01533,Cárnicos
P3975,Licores
02556,Velas y velones
02242,Licores
P785,Confitería
P277,Semillas y frutos secos
P3642,Cuidado personal
P263,Confitería
P3467,Cuidado personal
P811,Confitería
02854,Cuidado personal
P3383,Lácteos
P4028,Condimentos
02281,Aseo hogar
00946,Semillas y frutos secos
00333,Harinas
02220,Cárnicos
P1022,Cuidado personal
00571,Aseo hogar
P1443,Cereales
00157,Cuidado personal
P4380,Mascotas
01479,Confitería
00882,Aseo hogar
02444,Mariscos
01615,Cuidado personal
P980,Licores
P3268,Aseo hogar
P3753,Cuidado personal
P1055,Aseo hogar
02371,Congelados
P937,Aseo hogar
02505,Cárnicos
00001,Café y sustitutos
02500,Mascotas
01128,Salsas y aderezos
P4646,Aseo hogar
P4360,Cuidado personal
P4486,Aseo hogar
01349,Lácteos
01617,Café y sustitutos
P50,Café y sustitutos
02562,Velas y velones
P3388,Mascotas
01747,Confitería
P1550,Frutas y verduras
01117,Hogar
P888,Lácteos
00926,Cuidado personal
02613,Café y sustitutos
P4223,Aseo hogar
02506,Mascotas
P4197,Confitería
02655,Azúcares y endulzantes
P1759,Medicamentos
02042,Confitería
02813,Aseo hogar
02835,Aseo hogar
02794,Aseo hogar
01336,Panadería
00340,Frutas y verduras
P1804,Frutas y verduras
01739,Cuidado personal
00640,Lácteos
P987,Licores
P3712,Repostería
P4538,Aceites y sustitutos
P2237,Aseo hogar
P42,Cuidado personal
00350,Aseo hogar
01135,Café y sustitutos
P3990,Confitería
P4746,Cuidado personal
01087,Aseo hogar
P1917,Mariscos
P2736,Licores
P3600,Mascotas
P205,Café y sustitutos
00261,Aseo hogar
P4335,Semillas y frutos secos
02477,Lácteos
P4086,Café y sustitutos
P3507,Café y sustitutos
P3178,Café y sustitutos
P4377,Salsas y aderezos
01864,Cuidado personal
00833,Aseo hogar
01758,Azúcares y endulzantes
P461,Medicamentos
01566,Lácteos
P2636,Cuidado personal
02497,Mascotas
02386,Café y sustitutos
P3930,Panadería
P4218,Confitería
00250,Hogar
00966,Aseo hogar
P4558,Hogar
01324,Aseo hogar
02410,Licores
01173,Aseo hogar
P45,Cuidado personal
P3402,Cuidado personal
P1756,Medicamentos
P4295,Cuidado personal
00581,Aseo hogar
00400,Anchetas
00367,Anchetas
02780,Aseo hogar
02798,Mascotas
02777,Café y sustitutos
P4069,Salsas y aderezos
01073,Hogar
00530,Salsas y aderezos
P3876,Licores
P413,Aseo hogar
01273,Panadería
01503,Cuidado personal
P6,Cuidado personal
P3216,Cuidado personal
P1,Cuidado personal
P2613,Cuidado personal
P685,Cereales
P89,Cuidado personal
P4280,Cuidado personal
00299,Café y sustitutos
P374,Aseo hogar
P2437,Cuidado personal
P1839,Frutas y verduras
02120,Cuidado personal
02276,Congelados
P2862,Aseo hogar
P1432,Cereales
01698,Aseo hogar
01934,Licores
P44,Cuidado personal
P2436,Confitería
P2302,Confitería
01981,Aseo hogar
00862,Conservas
02011,Hogar
P4620,Aseo hogar
P17,Cuidado personal
P3246,Café y sustitutos
02555,Velas y velones
02558,Velas y velones
00026,Aseo hogar
02554,Velas y velones
01292,Avícola
P2267,Cuidado personal
P4375,Cuidado personal
P2635,Hogar
02637,Bebé
P1199,Repostería
P2038,Confitería
02680,Panadería
P3060,Bebidas instantáneas
02748,Aseo hogar
00376,Anchetas
P1391,Confitería
02802,Confitería
02805,Aseo hogar
00604,Aseo hogar
00405,Anchetas
02169,Aceites y sustitutos
00409,Anchetas
01963,Cuidado personal
P3595,Aseo hogar
P899,Lácteos
P3677,Medicamentos
P1385,Confitería
P2166,Aseo hogar
P3896,Mascotas
P2917,Aceites y sustitutos
02056,Harinas
P2489,Aceites y sustitutos
P3071,Cuidado personal
P3405,Confitería
P4156,Lácteos
P3480,Medicamentos
P1779,Condimentos
P3294,Aseo hogar
01229,Aseo hogar
P3780,Aseo hogar
01249,Aceites y sustitutos
P4521,Licores
00944,Confitería
01821,Mascotas
P3166,Cuidado personal
P1393,Licores
P3047,Condimentos
P965,Aseo hogar
01691,Cuidado personal
P1923,Condimentos
P3765,Cuidado personal
02488,Mascotas
01737,Semillas y frutos secos
P2580,Condimentos
01118,Hogar
P3020,Salsas y aderezos
01010,Bebé
P1092,Medicamentos
P1352,Café y sustitutos
P624,Arroz
P3767,Cuidado personal
P336,Medicamentos
00045,Aseo hogar
00370,Anchetas
00940,Confitería
P142,Aseo hogar
02812,Aseo hogar
02843,Aseo hogar
02862,Mascotas
02924,Chocolate
00185,Confitería
P1375,Confitería
P4127,Confitería
00837,Cuidado personal
02226,Cárnicos
P4321,Condimentos
P538,Aceites y sustitutos
01612,Licores
00377,Avícola
P2909,Cuidado personal
P1495,Condimentos
00902,Lácteos
00835,Hogar
P1776,Confitería
P3629,Salsas y aderezos
01695,Cuidado personal
P2357,Lácteos
02406,Semillas y frutos secos
P3770,Café y sustitutos
02486,Condimentos
00429,Aseo hogar
00160,Bebé
P4275,Aseo hogar
P4572,Aseo hogar
02509,Panadería
P3323,Licores
02528,Mascotas
P3829,Confitería
02535,Aseo hogar
P3269,Aseo hogar
02530,Mascotas
P1106,Aseo hogar
01068,Hogar
00433,Aseo hogar
P4556,Hogar
02579,Cuidado personal
P2870,Semillas y frutos secos
01155,Aseo hogar
00976,Confitería
P19,Cuidado personal
00338,Licores
P3604,Confitería
00566,Panadería
P4531,Cuidado personal
P4307,Lácteos
P4020,Medicamentos
P1040,Bebé
P3280,Confitería
02703,Confitería
02756,Congelados
P40,Hogar
P3401,Aseo hogar
P3870,Cuidado personal
P2563,Aseo hogar
P4018,Lácteos
01214,Cuidado personal
02799,Mascotas
00964,Mascotas
P4578,Confitería
P2729,Panadería
01401,Semillas y frutos secos
P2791,Licores
P359,Aseo hogar
P4492,Panadería
P1768,Confitería
01540,Bebé
01166,Mascotas
02077,Cuidado personal
01610,Mascotas
P3200,Cuidado personal
P1218,Semillas y frutos secos
00381,Conservas
P2295,Semillas y frutos secos
00807,Mascotas
P986,Licores
00086,Aseo hogar
01383,Lácteos
00251,Medicamentos
P3479,Licores
P4210,Confitería
01195,Aseo hogar
P2685,Aseo hogar
P2995,Aseo hogar
P2966,Aceites y sustitutos
01478,Cuidado personal
02034,Conservas
02543,Lácteos
P211,Aseo hogar
P924,Aseo hogar
02508,Mascotas
P3606,Café y sustitutos
02507,Avícola
02089,Aseo hogar
P334,Aseo hogar
01090,Cárnicos
P195,Salsas y aderezos
P832,Confitería
01719,Cárnicos
P2822,Licores
P3454,Panadería
P3102,Bebidas
P1269,Licores
00357,Cuidado personal
02600,Café y sustitutos
02527,Mascotas
P2837,Cuidado personal
P3553,Cuidado personal
02420,Anchetas
00366,Anchetas
02754,Aseo hogar
P2405,Velas y velones
02801,Confitería
02781,Cuidado personal
02836,Cuidado personal
02847,Hogar
P2697,Hogar
02909,Lácteos
02918,Hogar
P4413,Semillas y frutos secos
P4597,Bebidas
02369,Mascotas
01717,Aseo hogar
P1746,Aseo hogar
01840,Cuidado personal
01038,Chocolate
00112,Hogar
P2382,Bebé
01009,Condimentos
P1047,Bebé
00967,Cuidado personal
P674,Café y sustitutos
P755,Lácteos
00131,Bebé
P1678,Semillas y frutos secos
P2114,Confitería
P1282,Licores
P1906,Condimentos
P1353,Confitería
P4040,Cuidado personal
P2749,Confitería
00544,Hogar
P3519,Medicamentos
02532,Cuidado personal
02492,Mascotas
P3097,Café y sustitutos
P3741,Licores
P3447,Azúcares y endulzantes
01394,Aseo hogar
P3254,Repostería
02560,Velas y velones
01505,Cuidado personal
P1767,Café y sustitutos
00406,Anchetas
00822,Licores
P2954,Aseo hogar
02545,Bebidas
P1469,Panadería
01667,Aseo hogar
02658,Lácteos
P13,Cuidado personal
00186,Cuidado personal
02676,Salsas y aderezos
P4406,Confitería
00846,Confitería
00063,Confitería
00592,Cuidado personal
01286,Azúcares y endulzantes
P2402,Panadería
00374,Anchetas
P2612,Bebé
02290,Cuidado personal
00397,Anchetas
00439,Anchetas
P810,Confitería
01452,Cárnicos
02793,Aseo hogar
02808,Hogar
02807,Aseo hogar
02797,Cuidado personal
02848,Cárnicos
02855,Café y sustitutos
P861,Cárnicos
00677,Cárnicos
02907,Licores
P1532,Salsas y aderezos
00189,Aseo hogar
P1846,Frutas y verduras
P786,Lácteos
00732,Licores
01184,Cuidado personal
01523,Aseo hogar
P4669,Licores
01699,Cuidado personal
P3281,Cuidado personal
P233,Confitería
P2472,Hogar
02163,Bebidas
P3921,Cuidado personal
00446,Aseo hogar
P204,Aseo hogar
P2579,Hogar
P3018,Aseo hogar
P1755,Cuidado personal
00697,Cuidado personal
01665,Aseo hogar
P222,Cuidado personal
00412,Cuidado personal
P3493,Cuidado personal
P3372,Licores
00658,Cuidado personal
02584,Bebé
02578,Cuidado personal
P2977,Aseo hogar
01206,Hogar
P4378,Confitería
P2595,Licores
P4586,Chocolate
P867,Cárnicos
00082,Mariscos
01018,Confitería
P3235,Confitería
00994,Cuidado personal
02690,Confitería
01237,Huevos
P3524,Cárnicos
P966,Cuidado personal
P4647,Cuidado personal
00072,Mascotas
P3486,Panadería
P3145,Confitería
P3502,Aseo hogar
02820,Cuidado personal
P4701,Café y sustitutos
02809,Aseo hogar
02873,Conservas
P2368,Lácteos
00426,Aseo hogar
P1445,Harinas
00879,Cuidado personal
00084,Aseo hogar
02422,Aseo hogar
P4714,Hogar
P2592,Harinas
01025,Cuidado personal
00686,Harinas
02213,Panadería
P3868,Cuidado personal
P637,Arroz
P2553,Cuidado personal
P3858,Cuidado personal
00848,Chocolate
P157,Cuidado personal
P372,Medicamentos
00506,Aseo hogar
P3843,Conservas
P4424,Cuidado personal
P216,Condimentos
00127,Cuidado personal
P1718,Medicamentos
01918,Confitería
P3739,Aseo hogar
00013,Aseo hogar
P1087,Panadería
00149,Medicamentos
00589,Aseo hogar
P4256,Cuidado personal
P2362,Licores
02511,Mascotas
00609,Condimentos
02053,Cereales
P2584,Condimentos
02490,Mascotas
P4085,Cuidado personal
02544,Café y sustitutos
P4518,Condimentos
P2124,Chocolate
P78,Cuidado personal
P847,Panadería
P4517,Licores
P2898,Mascotas
P2780,Licores
02577,Cuidado personal
P578,Café y sustitutos
00444,Cuidado personal
00740,Confitería
P2560,Hogar
P3218,Cuidado personal
00790,Cuidado personal
00047,Cuidado personal
P4031,Licores
P2263,Confitería
00929,Cuidado personal
P83,Cuidado personal
P3093,Salsas y aderezos
P806,Confitería
P4317,Panadería
P3130,Cuidado personal
P3208,Cuidado personal
00162,Cuidado personal
02370,Congelados
P137,Cuidado personal
P2415,Salsas y aderezos
02686,Panadería
00182,Repostería
00368,Anchetas
02744,Anchetas
01153,Aseo hogar
P4091,Avícola
02147,Cuidado personal
02824,Salsas y aderezos
02868,Café y sustitutos
02857,Repostería
02896,Salsas y aderezos
P1574,Salsas y aderezos
P1358,Confitería
P792,Hogar
01056,Aseo hogar
P1847,Frutas y verduras
02458,Granos
P4542,Bebidas
02432,Conservas
01243,Condimentos
P2810,Condimentos
P4049,Cuidado personal
P2185,Licores
P4284,Salsas y aderezos
P2381,Bebé
01820,Cuidado personal
P983,Licores
P2396,Aseo hogar
00124,Hogar
00123,Café y sustitutos
P332,Aseo hogar
01940,Aseo hogar
P2509,Medicamentos
P2844,Cuidado personal
P4322,Hogar
00504,Aseo hogar
P2250,Cuidado personal
P985,Licores
P2679,Confitería
02518,Mascotas
02491,Mascotas
P2941,Cuidado personal
P3523,Salsas y aderezos
P2802,Salsas y aderezos
01414,Bebé
00356,Aseo hogar
02576,Cuidado personal
P4709,Confitería
02340,Lácteos
00943,Cuidado personal
P3917,Confitería
P3416,Licores
P4723,Cuidado personal
P2266,Panadería
00788,Aceites y sustitutos
P2156,Cuidado personal
01196,Hogar
P4512,Conservas
02332,Confitería
P3658,Confitería
P147,Cuidado personal
02389,Licores
P3852,Bebidas instantáneas
01121,Confitería
01678,Lácteos
P4257,Cuidado personal
02700,Confitería
01244,Cereales
00337,Licores
01933,Licores
02814,Confitería
02788,Cuidado personal
P4611,Mascotas
02898,Café y sustitutos
P4722,Confitería
P2233,Medicamentos
02889,Café y sustitutos
P1909,Aseo hogar
00980,Panadería
00064,Conservas
00898,Lácteos
01454,Confitería
P2028,Panadería
01696,Cuidado personal
P2792,Confitería
P3433,Hogar
P4337,Cuidado personal
00413,Cuidado personal
P3857,Aseo hogar
P4535,Arroz
01852,Lácteos
P4143,Aseo hogar
01782,Abarrotes
P3204,Conservas
00352,Aseo hogar
00004,Aseo hogar
P2308,Cuidado personal
00886,Cuidado personal
P198,Lácteos
P3889,Cuidado personal
01729,Aceites y sustitutos
00941,Panadería
02454,Cuidado personal
P29,Cuidado personal
P1997,Cereales
00896,Cuidado personal
00901,Cuidado personal
01424,Cuidado personal
02531,Mascotas
P74,Cuidado personal
P2843,Lácteos
02524,Aseo hogar
P4367,Salsas y aderezos
P3381,Conservas
00298,Cuidado personal
02573,Cuidado personal
P3028,Salsas y aderezos
P4258,Confitería
P1290,Licores
00328,Cuidado personal
P2748,Cuidado personal
P2996,Confitería
P3916,Condimentos
P3650,Medicamentos
00341,Harinas
P927,Condimentos
02521,Mascotas
P427,Hogar
02619,Bebidas
00716,Cuidado personal
P4138,Conservas
02108,Avícola
01309,Aseo hogar
02675,Salsas y aderezos
02682,Panadería
00283,Hogar
01598,Panadería
00636,Aseo hogar
01807,Cuidado personal
00371,Anchetas
01527,Repostería
00437,Anchetas
00404,Anchetas
00516,Lácteos
00408,Anchetas
02078,Cuidado personal
P3007,Salsas y aderezos
02765,Confitería
02782,Cuidado personal
02791,Frutas y verduras
00900,Cuidado personal
02850,Azúcares y endulzantes
02803,Confitería
02833,Aseo hogar
P4101,Aseo hogar
02902,Medicamentos
P4435,Mascotas
P3121,Chocolate
P3475,Medicamentos
01438,Aseo hogar
00661,Hogar
00662,Hogar
01322,Congelados
P115,Cuidado personal
P3364,Cárnicos
P519,Mariscos
02339,Panadería
02431,Conservas
01253,Conservas
P3605,Confitería
01110,Aseo hogar
01374,Confitería
P9,Cuidado personal
P1998,Bebé
01427,Aceites y sustitutos
P3581,Lácteos
01662,Confitería
P3296,Cuidado personal
P87,Cuidado personal
P2058,Mariscos
00711,Cuidado personal
01517,Cuidado personal
00595,Cuidado personal
02425,Mascotas
P812,Confitería
P2139,Cuidado personal
P3776,Cuidado personal
02304,Semillas y frutos secos
P3844,Conservas
P3759,Cereales
02536,Aseo hogar
P4522,Licores
00217,Cuidado personal
P155,Cuidado personal
02517,Mascotas
00905,Cuidado personal
P1299,Licores
P3953,Licores
00133,Bebé
P3119,Confitería
02320,Cuidado personal
P3949,Bebidas
02214,Panadería
00456,Bebidas
P3236,Café y sustitutos
02582,Cuidado personal
P982,Licores
P4691,Aseo hogar
02589,Cárnicos
02590,Confitería
01227,Aseo hogar
P3680,Cuidado personal
P18,Cuidado personal
01886,Aseo hogar
00974,Confitería
01194,Aseo hogar
P1322,Panadería
P2873,Aseo hogar
P954,Hogar
01549,Mascotas
P589,Licores
01311,Aseo hogar
02232,Panadería
01079,Licores
P4682,Mascotas
P2157,Cuidado personal
02647,Semillas y frutos secos
P3370,Licores
01423,Cuidado personal
02698,Confitería
00303,Cuidado personal
00933,Hogar
00402,Anchetas
P2967,Semillas y frutos secos
00442,Anchetas
00634,Congelados
P179,Cuidado personal
P1136,Cuidado personal
02189,Panadería
02825,Cuidado personal
00787,Semillas y frutos secos
P4201,Arroz
02911,Licores
P219,Harinas
00981,Panadería
02045,Panadería
P3211,Hogar
02433,Salsas y aderezos
P990,Licores
00789,Cuidado personal
00785,Confitería
P2390,Confitería
00693,Aseo hogar
P2752,Repostería
01675,Salsas y aderezos
00983,Lácteos
01375,Confitería
P4395,Semillas y frutos secos
01314,Aseo hogar
P309,Cuidado personal
P3344,Aseo hogar
P2482,Cuidado personal
P3825,Panadería
02070,Café y sustitutos
01228,Aseo hogar
01380,Cárnicos
P2695,Mariscos
P4668,Cuidado personal
P1257,Cuidado personal
P49,Bebé
P3333,Cereales
00137,Aseo hogar
00104,Aseo hogar
02498,Confitería
P3081,Cuidado personal
01291,Cuidado personal
01232,Aseo hogar
02496,Panadería
01648,Cuidado personal
00134,Bebé
02139,Hogar
01900,Salsas y aderezos
P3699,Cuidado personal
02489,Mascotas
P190,Mariscos
02502,Mascotas
02510,Mascotas
02563,Velas y velones
01315,Aseo hogar
P148,Confitería
P52,Cuidado personal
02594,Confitería
00355,Salsas y aderezos
02592,Confitería
00576,Cereales
02564,Velas y velones
P3439,Bebidas
P217,Cuidado personal
P144,Cuidado personal
P25,Cuidado personal
P1275,Cuidado personal
P1272,Licores
00534,Cuidado personal
02581,Cuidado personal
01113,Hogar
P3090,Hogar
P2796,Salsas y aderezos
P4078,Lácteos
P4738,Confitería
P2897,Mascotas
01405,Azúcares y endulzantes
02684,Licores
P4002,Hogar
01197,Hogar
P2361,Licores
P3924,Confitería
P3219,Cuidado personal
02674,Salsas y aderezos
00955,Panadería
01574,Bebé
02021,Lácteos
02768,Confitería
P2,Cuidado personal
00239,Aseo hogar
02811,Aseo hogar
02816,Café y sustitutos
02826,Lácteos
P327,Aseo hogar
01927,Panadería
02841,Café y sustitutos
02869,Salsas y aderezos
02795,Bebé
02842,Café y sustitutos
02884,Lácteos
02888,Confitería
P808,Confitería
P1459,Cereales
P3488,Confitería
P3169,Condimentos
P3716,Condimentos
02908,Condimentos
P4524,Confitería
00420,Bebé
P3638,Hogar
P3840,Anchetas
02224,Bebidas
P4564,Frutas y verduras
P2526,Condimentos
P931,Confitería
P4349,Cuidado personal
P2190,Aseo hogar
00161,Cuidado personal
02453,Cuidado personal
P3206,Aseo hogar
01780,Chocolate
P400,Condimentos
01115,Aseo hogar
01935,Licores
00304,Cuidado personal
01176,Confitería
P1764,Conservas
P3225,Cuidado personal
P311,Aseo hogar
P3118,Panadería
P4740,Aseo hogar
01044,Cereales
00237,Confitería
00448,Cuidado personal
00968,Confitería
P588,Aceites y sustitutos
P1065,Café y sustitutos
P4102,Aseo hogar
P4523,Confitería
02404,Licores
P3855,Cuidado personal
01040,Licores
01837,Cereales
P3722,Cuidado personal
P1664,Cuidado personal
P3692,Cuidado personal
02525,Aseo hogar
P2547,Confitería
P2240,Aseo hogar
00431,Licores
P3058,Cuidado personal
P1129,Salsas y aderezos
P101,Cuidado personal
00009,Cuidado personal
02519,Mascotas
00493,Bebé
02559,Velas y velones
P3571,Condimentos
02512,Mascotas
P3319,Aseo hogar
P4493,Panadería
02548,Licores
P3279,Cuidado personal
02622,Condimentos
02610,Licores
01310,Aseo hogar
02520,Mascotas
01956,Lácteos
P4158,Lácteos
P2297,Hogar
P1713,Cuidado personal
00590,Aseo hogar
P4226,Cuidado personal
P4368,Bebidas
02689,Panadería
02493,Mascotas
02755,Licores
P3434,Confitería
P2566,Lácteos
00440,Anchetas
01066,Salsas y aderezos
02762,Congelados
P3970,Aseo hogar
01354,Aseo hogar
01177,Confitería
00899,Salsas y aderezos
02915,Confitería
P2883,Repostería
00945,Confitería
P4030,Café y sustitutos
P2286,Panadería
P3396,Cuidado personal
P2085,Confitería
P1066,Salsas y aderezos
P2823,Semillas y frutos secos
P943,Harinas
P2443,Cuidado personal
P2598,Panadería
P3691,Bebé
00076,Aseo hogar
P1184,Bebidas
P2360,Licores
P72,Cuidado personal
P2936,Cuidado personal
01447,Bebidas
01626,Cuidado personal
00676,Cuidado personal
P4369,Cuidado personal
P2287,Cuidado personal
01039,Lácteos
P2379,Congelados
P486,Lácteos
02036,Hogar
01254,Cuidado personal
01337,Hogar
P3365,Cárnicos
P2317,Aseo hogar
00090,Cuidado personal
P391,Cuidado personal
P4440,Cuidado personal
P683,Confitería
P3245,Cuidado personal
01893,Licores
00276,Cuidado personal
P2540,Confitería
02456,Licores
P4281,Frutas y verduras
P3,Cuidado personal
02273,Aseo hogar
P208,Aseo hogar
P4551,Licores
00865,Cuidado personal
P1657,Hogar
P3309,Licores
P3560,Aseo hogar
P4011,Licores
P2789,Aseo hogar
P3694,Bebé
00776,Frutas y verduras
02557,Velas y velones
00801,Café y sustitutos
00287,Cuidado personal
P345,Cuidado personal
02263,Confitería
P1744,Lácteos
P2814,Conservas
00252,Congelados
P3879,Confitería
P2039,Avícola
00056,Repostería
P2919,Aseo hogar
00141,Aseo hogar
02591,Confitería
P4414,Cuidado personal
P3338,Panadería
P4600,Conservas
02634,Cuidado personal
02495,Panadería
P3509,Medicamentos
P2875,Cuidado personal
00330,Lácteos
01770,Cárnicos
P2918,Aceites y sustitutos
00811,Cuidado personal
02277,Cárnicos
00726,Frutas y verduras
02683,Cuidado personal
02691,Aceites y sustitutos
P2392,Aseo hogar
P1589,Cárnicos
02515,Mascotas
00401,Anchetas
00369,Anchetas
P4214,Cuidado personal
00373,Anchetas
P979,Café y sustitutos
P91,Cuidado personal
02640,Licores
02529,Mascotas
P4711,Cárnicos
P4705,Cárnicos
P3321,Condimentos
02766,Confitería
P2626,Hogar
02792,Cuidado personal
02817,Condimentos
02853,Café y sustitutos
P2149,Cuidado personal
01490,Confitería
02913,Condimentos
P2522,Cuidado personal
P2397,Bebidas
P2930,Aseo hogar
02383,Licores
P4148,Licores
00266,Panadería
P3069,Aseo hogar
01512,Harinas
P97,Cuidado personal
00766,Cuidado personal
P2555,Aseo hogar
01545,Cuidado personal
00928,Cuidado personal
P1281,Licores
P2282,Aseo hogar
01537,Salsas y aderezos
P1626,Bebidas
P3915,Confitería
P4083,Bebé
P4300,Confitería
01884,Café y sustitutos
01843,Cuidado personal
P3628,Cuidado personal
00852,Licores
P3414,Cuidado personal
P2621,Cuidado personal
01697,Condimentos
01819,Hogar
P4487,Salsas y aderezos
P1105,Aseo hogar
01668,Aseo hogar
P3536,Hogar
01649,Semillas y frutos secos
02222,Lácteos
01462,Medicamentos
P14,Cuidado personal
P2815,Conservas
00268,Panadería
02487,Licores
00258,Aseo hogar
P3630,Mascotas
P2588,Aseo hogar
02523,Mascotas
P949,Aseo hogar
P3059,Cuidado personal
P1844,Frutas y verduras
P2859,Condimentos
02417,Licores
P4724,Cuidado personal
P28765,Avícola
P3611,Aseo hogar
02501,Mascotas
P2315,Cuidado personal
P970,Cuidado personal
02012,Salsas y aderezos
P3955,Café y sustitutos
02186,Licores
P3497,Cuidado personal
P3425,Bebé
P2380,Bebé
P288,Aseo hogar
P2289,Mascotas
00659,Hogar
00329,Cuidado personal
P128,Cuidado personal
P2223,Aseo hogar
P2505,Cuidado personal
P743,Repostería
01046,Hogar
01682,Cuidado personal
P953,Hogar
P713,Hogar
02565,Velas y velones
P3979,Café y sustitutos
P398,Hogar
01619,Cárnicos
P4648,Aseo hogar
P3657,Cuidado personal
P3013,Condimentos
02626,Cárnicos
P4134,Cuidado personal
02166,Bebidas
00885,Cuidado personal
P3863,Cuidado personal
01200,Confitería
02574,Cuidado personal
P4441,Mascotas
P4550,Licores
P3220,Bebé
01499,Aseo hogar
P3077,Confitería
02638,Licores
P4697,Cuidado personal
02688,Hogar
02616,Medicamentos
P4271,Lácteos
P3938,Panadería
00727,Cuidado personal
02685,Bebé
02405,Licores
02641,Licores
00403,Anchetas
P4012,Licores
00043,Licores
P402,Condimentos
P390,Cuidado personal
P1948,Medicamentos
02090,Hogar
02316,Frutas y verduras
00428,Cuidado personal
P3991,Confitería
02790,Aseo hogar
02823,Hogar
02865,Aseo hogar
02127,Harinas
02821,Cuidado personal
02894,Aceites y sustitutos
00515,Lácteos
02890,Cuidado personal
02878,Azúcares y endulzantes
P2001,Condimentos
P2994,Confitería
P2494,Confitería
P595,Confitería
P2123,Confitería
02906,Mascotas
P3202,Mascotas
P385,Café y sustitutos
02225,Lácteos
01977,Chocolate
P4272,Hogar
P3302,Aseo hogar
02899,Mascotas
P4619,Aseo hogar
02831,Cuidado personal
02784,Hogar
01003,Semillas y frutos secos
02921,Hogar
02912,Condimentos
P3358,Hogar
P3033,Frutas y verduras
P2126,Frutas y verduras
P392,Confitería
P1591,Conservas
P2100,Aseo hogar
P2179,Confitería
P3762,Cuidado personal
01816,Conservas
P1098,Aseo hogar
00643,Lácteos
P4576,Cuidado personal
P3282,Cuidado personal
P4278,Bebé
P935,Hogar
P3709,Aseo hogar
P2483,Semillas y frutos secos
01652,Cuidado personal
02171,Café y sustitutos
P438,Hogar
01587,Cuidado personal
P3984,Licores
P2322,Cuidado personal
P3172,Hogar
02172,Café y sustitutos
P3973,Confitería
P3760,Café y sustitutos
P4229,Cuidado personal
P760,Lácteos
P1669,Confitería
P977,Confitería
P2914,Cuidado personal
02354,Lácteos
P2036,Bebé
P682,Confitería
P4726,Conservas
P2970,Licores
P4059,Confitería
02398,Medicamentos
P384,Aseo hogar
01714,Cuidado personal
02291,Hogar
P3205,Conservas
P2737,Licores
01932,Licores
P3213,Hogar
P3303,Hogar
P2527,Hogar
02516,Mascotas
P972,Bebé
P826,Confitería
02446,Aseo hogar
01752,Frutas y verduras
P3091,Cuidado personal
01160,Avícola
01242,Conservas
P1068,Medicamentos
P4433,Aseo hogar
P4312,Aseo hogar
P3072,Cuidado personal
P4494,Panadería
02606,Lácteos
P3397,Condimentos
P2845,Mascotas
01645,Aseo hogar
P520,Hogar
01002,Cuidado personal
P2435,Condimentos
00187,Frutas y verduras
P4530,Conservas
02294,Cuidado personal
02205,Cárnicos
02513,Mascotas
P3430,Licores
02447,Aseo hogar
P3517,Medicamentos
00224,Cuidado personal
P2742,Licores
P3972,Licores
00178,Mascotas
00028,Hogar
02378,Lácteos
00583,Bebé
00779,Lácteos
01345,Salsas y aderezos
02687,Panadería
02720,Confitería
P4064,Conservas
P952,Hogar
02743,Anchetas
P3431,Licores
02526,Aseo hogar
02668,Licores
02670,Licores
P2199,Licores
02409,Hogar
02331,Licores
02746,Licores
P3959,Licores
02725,Congelados
02673,Licores
02747,Licores
P4511,Panadería
P3700,Cuidado personal
02751,Cuidado personal
P2105,Licores
02733,Aseo hogar
P4047,Cuidado personal
02614,Mascotas
02851,Cuidado personal
02796,Cuidado personal
02830,Aseo hogar
02874,Cuidado personal
02181,Aseo hogar
P3010,Salsas y aderezos
02903,Aceites y sustitutos
02882,Confitería
02892,Confitería
00501,Lácteos
P2367,Aseo hogar
02129,Cuidado personal
P4248,Cuidado personal
00167,Aseo hogar
P1014,Panadería
00195,Bebidas
02849,Azúcares y endulzantes
02901,Mascotas
02916,Aceites y sustitutos
01532,Cárnicos
P860,Cárnicos
02844,Frutas y verduras
01789,Cuidado personal
00255,Licores
02617,Confitería
P3706,Cárnicos
02763,Medicamentos
P3079,Congelados
02897,Licores
P2327,Licores
01954,Licores
02234,Hogar
P1076,Medicamentos
P4120,Semillas y frutos secos
P1277,Frutas y verduras
P3261,Bebidas
P1590,Granos
02259,Lácteos
P4605,Confitería
P1984,Salsas y aderezos
01468,Panadería
P1693,Café y sustitutos
P3576,Hogar
P3641,Cuidado personal
02145,Panadería
00041,Cuidado personal
01351,Confitería
01809,Aseo hogar
P3114,Cereales
02484,Lácteos
P4443,Cuidado personal
P3801,Granos
P4482,Aseo hogar
00171,Mascotas
P2597,Hogar
00132,Bebé
P183,Cereales
00052,Conservas
P3911,Lácteos
P662,Confitería
01326,Aseo hogar
P1292,Conservas
P2346,Licores
00342,Cuidado personal
01520,Cuidado personal
P4261,Confitería
00656,Lácteos
00543,Aseo hogar
00294,Cuidado personal
P2549,Confitería
P655,Confitería
01978,Cuidado personal
01925,Licores
02365,Aseo hogar
00650,Cuidado personal
P3377,Cuidado personal
00363,Confitería
02522,Mascotas
P4179,Confitería
00449,Lácteos
P4198,Semillas y frutos secos
00040,Cuidado personal
P957,Mascotas
P2759,Cárnicos
P15,Cuidado personal
P3310,Frutas y verduras
P4027,Cuidado personal
P4202,Congelados
00265,Panadería
02333,Confitería
01150,Cuidado personal
P1720,Cuidado personal
01818,Licores
01359,Aseo hogar
P3335,Confitería
02361,Cuidado personal
01444,Hogar
00230,Aseo hogar
P2777,Licores
01897,Confitería
00956,Panadería
P4594,Condimentos
P1029,Cuidado personal
P2142,Harinas
P3766,Bebidas
01030,Cuidado personal
P3778,Cuidado personal
P2040,Aseo hogar
P4639,Cuidado personal
00128,Cuidado personal
P4562,Aseo hogar
00048,Cuidado personal
02595,Aseo hogar
02306,Licores
00221,Cuidado personal
02448,Mascotas
P3478,Licores
01673,Mariscos
00398,Cárnicos
P3392,Hogar
01554,Cuidado personal
P4296,Condimentos
P2638,Confitería
P1053,Bebé
P1308,Licores
P363,Aseo hogar
P1958,Bebidas
P1585,Cuidado personal
P287,Bebé
P1549,Frutas y verduras
02156,Lácteos
P680,Chocolate
P4403,Aseo hogar
01685,Salsas y aderezos
00168,Hogar
02408,Panadería
P3459,Cárnicos
P2596,Hogar
P3369,Bebidas
P4509,Condimentos
P976,Licores
P1229,Panadería
P1099,Aseo hogar
01534,Mascotas
P2393,Cuidado personal
00005,Cuidado personal
P973,Cuidado personal
P3832,Cereales
02840,Cuidado personal
02872,Cuidado personal
02770,Frutas y verduras
02858,Cuidado personal
P1052,Aseo hogar
P839,Medicamentos
P864,Cárnicos
P79,Cuidado personal
02062,Cuidado personal
02893,Confitería
P2680,Granos
00908,Panadería
P1950,Bebidas
P3390,Cuidado personal
02068,Cuidado personal
00989,Licores
01389,Congelados
02846,Aseo hogar
01823,Cárnicos
P188,Cuidado personal
02069,Aseo hogar
P94,Panadería
02182,Mascotas
02914,Confitería
02137,Cárnicos
00451,Lácteos
00209,Chocolate
01716,Hogar
02838,Aseo hogar
02366,Frutas y verduras
01539,Condimentos
02919,Hogar
P2866,Cuidado personal
P2087,Cárnicos
01894,Licores
P4633,Aseo hogar
02786,Licores
P1049,Bebé
02828,Cuidado personal
P1624,Conservas
01827,Cárnicos
P851,Cárnicos
01754,Cárnicos
P2912,Arroz
P4533,Cereales
P2506,Mascotas
P1252,Confitería
01731,Mascotas
00723,Huevos
P917,Congelados
00680,Congelados
